scheduled_ms,actual_ms,drift_ms
52380000,52380003,3.76
52440000,52440002,2.81
52500000,52500002,2.34
52560000,52560001,1.95
52620000,52620001,1.50
52680000,52680001,1.48
52740000,52740005,5.47
52800000,52799999,-0.41
52860000,52860002,2.95
52920000,52920002,2.43
52980000,52980001,1.91
53040000,53040001,1.74
53100000,53100002,2.00
53160000,53160001,1.17
53220000,53220001,1.05
53280000,53280001,1.09
53340000,53340000,0.79
53400000,53400000,0.88
53460000,53460000,0.96
53520000,53520000,0.70
53580000,53580000,0.83
53640000,53640000,0.53
53700000,53700000,0.40
53760000,53760000,0.48
53820000,53820000,0.52
53880000,53880000,0.34
53940000,53940001,1.96
54000000,53999999,-1.00
54060000,54060000,0.51
54120000,54120000,0.62
54180000,54180000,0.46
54240000,54240000,0.65
54300000,54300000,0.49
54360000,54360000,0.74
54420000,54420005,5.34
54480000,54479999,-0.29
54540000,54539999,-0.51
54600000,54599999,-0.34
54660000,54659999,-0.17
54720000,54719999,-0.02
54780000,54780000,0.39
54840000,54840000,0.19
54900000,54900000,0.37
54960000,54960000,0.29
55020000,55020000,0.70
55080000,55080000,0.23
55140000,55140000,0.56
55200000,55200000,0.93
55260000,55260000,0.18
55320000,55320000,0.51
55380000,55380000,0.45
55440000,55440000,0.46
55500000,55500000,0.39
55560000,55560000,0.55
55620000,55620005,5.79
55680000,55679999,-0.69
55740000,55739999,-0.61
55800000,55800006,6.71
55860000,55859998,-1.25
55920000,55920006,6.73
55980000,55979997,-2.27
56040000,56039998,-1.76
56100000,56099998,-1.39
56160000,56159999,-0.78
56220000,56219999,-0.56
56280000,56279999,-0.38
56340000,56340000,0.38
56400000,56400000,0.17
56460000,56460005,5.34
56520000,56519999,-0.88
56580000,56579999,-0.95
56640000,56639999,-0.71
56700000,56700005,5.24
56760000,56759998,-1.53
56820000,56819998,-1.16
56880000,56879999,-0.94
56940000,56940004,4.84
57000000,56999998,-1.51
57060000,57059998,-1.22
57120000,57119998,-1.15
57180000,57179999,-0.65
57240000,57240005,5.63
57300000,57299998,-1.76
57360000,57359998,-1.22
57420000,57419998,-1.05
57480000,57480004,4.13
57540000,57539998,-1.57
57600000,57599998,-1.12
57660000,57659998,-1.11
57720000,57719999,-0.70
57780000,57779999,-0.73
57840000,57839999,-0.38
57900000,57900003,3.95
57960000,57959999,-0.61
58020000,58019999,-0.58
58080000,58079999,-0.70
58140000,58139999,-0.72
58200000,58199999,-0.37
58260000,58259999,-0.37
58320000,58319999,-0.12
58380000,58379999,-0.09
58440000,58439999,-0.27
58500000,58500000,0.08
58560000,58559999,-0.16
58620000,58620000,0.83
58680000,58679999,-0.24
58740000,58739999,-0.04
58800000,58799999,-0.01
58860000,58859999,-0.09
58920000,58919999,-0.01
58980000,58979999,-0.02
59040000,59040000,0.22
59100000,59100000,0.55
59160000,59159999,-0.06
59220000,59219999,-0.04
59280000,59280000,0.12
59340000,59340000,0.12
59400000,59400000,0.31
59460000,59460000,0.37
59520000,59520000,0.20
59580000,59579999,-0.03
59640000,59640000,0.08
59700000,59700000,0.64
59760000,59760000,0.15
59820000,59820000,0.37
59880000,59880001,1.24
59940000,59940000,0.58
60000000,59999999,-0.04
60060000,60059999,-0.15
60120000,60119999,-0.07
60180000,60179996,-3.22
60240000,60240001,1.67
60300000,60300000,0.38
60360000,60360000,0.21
60420000,60420000,0.30
60480000,60480000,0.54
60540000,60539999,-0.03
60600000,60599999,-0.03
60660000,60659999,-0.02
60720000,60720000,0.19
60780000,60780000,0.10
60840000,60840000,0.21
60900000,60900000,0.65
60960000,60959999,-0.02
61020000,61019999,-0.08
61080000,61080000,0.13
61140000,61140000,0.16
61200000,61199999,-0.00
61260000,61260000,0.36
61320000,61319999,-0.04
61380000,61380000,0.36
61440000,61440000,0.29
61500000,61499999,-0.10
61560000,61560000,0.10
61620000,61620000,0.31
61680000,61680000,0.11
61740000,61740000,0.17
61800000,61800000,0.26
61860000,61860000,0.15
61920000,61920000,0.14
61980000,61980000,0.26
62040000,62039999,-0.12
62100000,62099999,-0.02
62160000,62160000,0.34
62220000,62220000,0.29
62280000,62279999,-0.04
62340000,62340004,4.75
62400000,62399999,-0.67
62460000,62459999,-0.50
62520000,62519999,-0.41
62580000,62580000,0.27
62640000,62639999,-0.30
62700000,62699999,-0.18
62760000,62759999,-0.36
62820000,62819999,-0.10
62880000,62879999,-0.05
62940000,62939999,-0.12
63000000,63000000,0.11
63060000,63059999,-0.09
63120000,63119999,-0.06
63180000,63180000,0.19
63240000,63239999,-0.01
63300000,63300002,2.84
63360000,63359999,-0.26
63420000,63419999,-0.19
63480000,63479999,-0.33
63540000,63540000,0.93
63600000,63600000,0.84
63660000,63660006,6.53
63720000,63719998,-1.57
63780000,63779998,-1.22
63840000,63839999,-0.97
63900000,63899999,-0.86
63960000,63959999,-0.53
64020000,64019999,-0.38
64080000,64079999,-0.41
64140000,64139996,-3.32
64200000,64200000,0.59
64260000,64260000,0.35
64320000,64320000,0.31
64380000,64380005,5.33
64440000,64439999,-0.63
64500000,64499999,-0.50
64560000,64559999,-0.47
64620000,64619999,-0.42
64680000,64679999,-0.51
64740000,64739999,-0.19
64800000,64800000,0.42
64860000,64859999,-0.08
64920000,64919999,-0.24
64980000,64979999,-0.08
65040000,65039999,-0.05
65100000,65099999,-0.16
65160000,65160000,0.39
65220000,65219999,-0.13
65280000,65280000,0.97
65340000,65339999,-0.10
65400000,65399999,-0.13
65460000,65459999,-0.10
65520000,65520003,3.01
65580000,65579999,-0.52
65640000,65639999,-0.27
65700000,65699999,-0.22
65760000,65759999,-0.33
65820000,65819999,-0.25
65880000,65879999,-0.13
65940000,65939999,-0.12
66000000,66000000,0.35
66060000,66060000,0.11
66120000,66119999,-0.02
66180000,66180000,0.28
66240000,66240000,0.36
66300000,66299999,-0.11
66360000,66360006,6.70
66420000,66419999,-0.99
66480000,66479999,-0.84
66540000,66539999,-0.71
66600000,66599999,-0.46
66660000,66660005,5.75
66720000,66719998,-1.37
66780000,66779997,-2.49
66840000,66839999,-0.60
66900000,66900006,6.96
66960000,66959998,-1.64
67020000,67019998,-1.66
67080000,67079999,-0.96
67140000,67139999,-0.18
67200000,67199999,-0.73
67260000,67259999,-0.80
67320000,67319999,-0.71
67380000,67379999,-0.39
67440000,67440008,8.54
67500000,67499998,-1.96
67560000,67559995,-4.69
67620000,67619999,-0.67
67680000,67680004,4.46
67740000,67739998,-1.14
67800000,67799998,-1.11
67860000,67860000,0.57
67920000,67919999,-0.81
67980000,67979999,-0.79
68040000,68039999,-0.38
68100000,68099999,-0.50
68160000,68160004,4.79
68220000,68219998,-1.04
68280000,68279999,-0.99
68340000,68339999,-0.75
68400000,68399999,-0.45
68460000,68459999,-0.46
68520000,68519999,-0.18
68580000,68579999,-0.12
68640000,68639999,-0.24
68700000,68699999,-0.36
68760000,68759999,-0.14
68820000,68820000,0.35
68880000,68879999,-0.09
68940000,68939999,-0.17
69000000,69000003,3.75
69060000,69059999,-0.55
69120000,69119999,-0.44
69180000,69179999,-0.47
69240000,69239999,-0.19
69300000,69299999,-0.14
69360000,69359999,-0.27
69420000,69419999,-0.06
69480000,69479999,-0.22
69540000,69540002,2.91
69600000,69600000,0.63
69660000,69659999,-0.51
69720000,69719999,-0.58
69780000,69779999,-0.45
69840000,69839999,-0.14
69900000,69899999,-0.07
69960000,69960002,2.98
70020000,70019999,-0.50
70080000,70079999,-0.45
70140000,70139999,-0.43
70200000,70199999,-0.36
70260000,70259999,-0.27
70320000,70319999,-0.07
70380000,70380005,5.36
70440000,70439999,-0.87
70500000,70499999,-0.46
70560000,70560004,4.43
70620000,70619998,-1.21
70680000,70680005,5.26
70740000,70739998,-1.44
70800000,70799998,-1.83
70860000,70859999,-0.47
70920000,70919998,-1.39
70980000,70979999,-0.97
71040000,71039999,-0.65
71100000,71099999,-0.59
71160000,71159999,-0.64
71220000,71219999,-0.40
71280000,71279999,-0.36
71340000,71339999,-0.19
71400000,71399999,-0.14
71460000,71459999,-0.06
71520000,71520000,0.40
71580000,71580000,0.34
71640000,71640000,0.13
71700000,71699999,-0.10
71760000,71759999,-0.00
71820000,71819999,-0.10
71880000,71880000,0.15
71940000,71940000,0.25
72000000,72000000,0.26
72060000,72060000,0.10
72120000,72120001,1.19
72180000,72179999,-0.33
72240000,72239999,-0.15
72300000,72300000,0.33
72360000,72359999,-0.00
72420000,72419999,-0.15
72480000,72479999,-0.12
72540000,72540000,0.28
72600000,72600007,7.01
72660000,72660004,4.88
72720000,72719997,-2.12
72780000,72779998,-1.99
72840000,72839998,-1.47
72900000,72899998,-1.10
72960000,72960000,0.57
73020000,73019998,-1.06
73080000,73080002,2.40
73140000,73139999,-0.95
73200000,73199998,-1.09
73260000,73259999,-0.78
73320000,73319999,-0.68
73380000,73379999,-0.33
73440000,73439999,-0.23
73500000,73500000,0.69
73560000,73559999,-0.40
73620000,73619999,-0.16
73680000,73679999,-0.08
73740000,73739999,-0.09
73800000,73799999,-0.01
73860000,73860000,0.32
73920000,73920000,0.08
73980000,73980000,0.83
74040000,74039999,-0.24
74100000,74099999,-0.21
74160000,74160000,0.47
74220000,74219999,-0.07
74280000,74280000,0.27
74340000,74340000,0.46
74400000,74400010,10.41
74460000,74459997,-2.19
74520000,74519998,-1.72
74580000,74580003,3.99
74640000,74639998,-1.90
74700000,74699998,-1.58
74760000,74760004,4.03
74820000,74819998,-1.86
74880000,74879998,-1.54
74940000,74939998,-1.35
75000000,74999999,-0.85
75060000,75059999,-0.89
75120000,75119999,-0.59
75180000,75179999,-0.44
75240000,75239999,-0.47
75300000,75299999,-0.30
75360000,75359999,-0.06
75420000,75419999,-0.21
75480000,75480000,0.16
75540000,75540000,0.11
75600000,75599999,-0.07
75660000,75660002,2.78
75720000,75719999,-0.28
75780000,75779999,-0.36
75840000,75839999,-0.35
75900000,75900000,0.59
75960000,75959999,-0.28
76020000,76020005,5.69
76080000,76079998,-1.03
76140000,76139999,-0.83
76200000,76199999,-0.74
76260000,76259999,-0.51
76320000,76319999,-0.59
76380000,76379999,-0.20
76440000,76439999,-0.07
76500000,76499999,-0.09
76560000,76559999,-0.27
76620000,76620000,0.14
76680000,76679999,-0.02
76740000,76739998,-1.33
76800000,76800000,0.12
76860000,76859999,-0.08
76920000,76920000,0.51
76980000,76979999,-0.07
77040000,77040000,0.26
77100000,77099999,-0.02
77160000,77160003,3.10
77220000,77219999,-0.48
77280000,77280001,1.17
77340000,77339999,-0.43
77400000,77399999,-0.35
77460000,77459999,-0.20
77520000,77519999,-0.19
77580000,77579999,-0.28
77640000,77639999,-0.03
77700000,77700000,0.10
77760000,77760000,0.33
77820000,77820001,1.61
77880000,77879999,-0.04
77940000,77939999,-0.01
78000000,77999999,-0.40
78060000,78060000,0.51
78120000,78119999,-0.40
78180000,78179999,-0.13
78240000,78240000,0.88
78300000,78300000,0.15
78360000,78359999,-0.34
78420000,78419999,-0.32
78480000,78479999,-0.05
78540000,78540000,0.11
78600000,78599999,-0.01
78660000,78660000,0.17
78720000,78720000,0.16
78780000,78780000,0.13
78840000,78840000,0.14
78900000,78900008,8.93
78960000,78959998,-1.42
79020000,79019998,-1.34
79080000,79079998,-1.19
79140000,79139999,-0.90
79200000,79200005,5.30
79260000,79259998,-1.51
79320000,79319998,-1.36
79380000,79379999,-0.99
79440000,79439999,-0.65
79500000,79499999,-0.61
79560000,79559999,-0.38
79620000,79619999,-0.24
79680000,79679999,-0.29
79740000,79740000,0.19
79800000,79799999,-0.13
79860000,79859999,-0.22
79920000,79920006,6.68
79980000,79979998,-1.23
80040000,80039999,-0.93
80100000,80100003,3.97
80160000,80159998,-1.60
80220000,80219998,-1.31
80280000,80279999,-0.98
80340000,80339999,-0.60
80400000,80400000,0.15
80460000,80459999,-0.47
80520000,80519999,-0.43
80580000,80579999,-0.30
80640000,80640000,0.36
80700000,80699999,-0.35
80760000,80759999,-0.09
80820000,80819999,-0.07
80880000,80879999,-0.14
80940000,80939999,-0.01
81000000,81000005,5.20
81060000,81059998,-1.11
81120000,81119999,-0.72
81180000,81179999,-0.07
81240000,81239999,-0.52
81300000,81299999,-0.42
81360000,81360002,2.76
81420000,81419999,-0.91
81480000,81479999,-0.28
81540000,81539998,-1.76
81600000,81599999,-0.25
81660000,81659999,-0.28
81720000,81720000,0.53
81780000,81779999,-0.17
81840000,81839999,-0.01
81900000,81900001,1.06
81960000,81960004,4.50
82020000,82019998,-1.11
82080000,82079999,-0.76
82140000,82140004,4.34
82200000,82199998,-1.37
82260000,82259998,-1.25
82320000,82319999,-0.76
82380000,82379999,-0.66
82440000,82439999,-0.68
82500000,82499999,-0.47
82560000,82559996,-3.43
82620000,82620000,0.50
82680000,82680000,0.43
82740000,82740007,7.13
82800000,82799998,-1.10
82860000,82859999,-0.95
82920000,82919999,-0.52
82980000,82979999,-0.41
83040000,83040006,6.61
83100000,83100001,1.73
83160000,83159998,-1.87
83220000,83219998,-1.63
83280000,83279998,-1.29
83340000,83339999,-0.74
83400000,83399997,-2.08
83460000,83459999,-0.64
83520000,83519999,-0.26
83580000,83580002,2.89
83640000,83640001,1.28
83700000,83699996,-3.79
83760000,83760000,0.10
83820000,83819999,-0.05
83880000,83879999,-0.03
83940000,83940000,0.17
84000000,84000000,0.20
84060000,84060000,0.17
84120000,84120000,0.39
84180000,84179999,-0.05
84240000,84240003,3.63
84300000,84299999,-0.41
84360000,84359999,-0.51
84420000,84420006,6.78
84480000,84479998,-1.55
84540000,84539998,-1.32
84600000,84599998,-1.05
84660000,84659999,-0.69
84720000,84719999,-0.46
84780000,84780002,2.07
84840000,84839999,-0.81
84900000,84899999,-0.64
84960000,84959998,-1.97
85020000,85019996,-3.25
85080000,85080000,0.96
85140000,85140000,0.65
85200000,85200005,5.28
85260000,85259999,-0.71
85320000,85319999,-0.73
85380000,85379999,-0.56
85440000,85440006,6.35
85500000,85499998,-1.59
85560000,85559998,-1.12
85620000,85619999,-0.82
85680000,85679999,-0.84
85740000,85739999,-0.43
85800000,85799999,-0.44
85860000,85859999,-0.18
85920000,85919999,-0.10
85980000,85979999,-0.09
86040000,86040000,0.66
86100000,86099999,-0.16
86160000,86159999,-0.22
86220000,86219999,-0.06
86280000,86280002,2.50
86340000,86340000,0.76
86400000,86399999,-0.71
86460000,86460005,5.74
86520000,86519998,-1.09
86580000,86579998,-1.39
86640000,86639998,-1.02
86700000,86699998,-1.02
86760000,86759999,-0.44
86820000,86819999,-0.53
86880000,86879999,-0.21
86940000,86939999,-0.35
87000000,87000007,7.39
87060000,87059998,-1.23
87120000,87119998,-1.21
87180000,87180006,6.07
87240000,87239998,-1.91
87300000,87299999,-1.00
87360000,87359998,-1.45
87420000,87420001,1.41
87480000,87479998,-1.33
87540000,87539998,-1.11
87600000,87600002,2.68
87660000,87660005,5.33
87720000,87719997,-2.22
87780000,87779998,-1.62
87840000,87839998,-1.39
87900000,87899999,-0.99
87960000,87959999,-0.81
88020000,88019999,-0.54
88080000,88080004,4.77
88140000,88139998,-1.42
88200000,88199998,-1.12
88260000,88259999,-0.97
88320000,88319999,-0.63
88380000,88379999,-0.47
88440000,88439998,-1.78
88500000,88499999,-0.13
88560000,88559998,-1.36
88620000,88620000,0.52
88680000,88680000,0.71
88740000,88740000,0.76
88800000,88800000,0.13
88860000,88860000,0.41
88920000,88920000,0.14
88980000,88979999,-0.20
89040000,89039999,-0.12
89100000,89099999,-0.07
89160000,89159999,-0.04
89220000,89219999,-0.00
89280000,89279999,-0.07
89340000,89340001,1.03
89400000,89399999,-0.20
89460000,89460000,0.15
89520000,89520000,0.10
89580000,89579999,-0.11
89640000,89639999,-0.00
89700000,89700004,4.95
89760000,89760005,5.19
89820000,89819998,-1.13
89880000,89879998,-1.43
89940000,89939998,-1.22
90000000,89999999,-0.66
90060000,90059999,-0.87
90120000,90119999,-0.53
90180000,90179999,-0.34
90240000,90239999,-0.30
90300000,90299999,-0.21
90360000,90359999,-0.23
90420000,90419999,-0.18
90480000,90479999,-0.14
90540000,90540000,0.11
90600000,90600000,0.11
90660000,90660001,1.40
90720000,90719999,-0.10
90780000,90779999,-0.18
90840000,90839999,-0.15
90900000,90899999,-0.01
90960000,90960000,0.19
91020000,91020000,0.18
91080000,91079999,-0.15
91140000,91139999,-0.11
91200000,91200000,0.38
91260000,91260000,0.14
91320000,91320000,0.13
91380000,91379999,-0.05
91440000,91440000,0.41
91500000,91499999,-0.00
91560000,91560000,0.37
91620000,91620000,0.65
91680000,91679999,-0.03
91740000,91740000,0.19
91800000,91800000,0.17
91860000,91860002,2.88
91920000,91920002,2.18
91980000,91979996,-3.41
92040000,92039999,-0.31
92100000,92099999,-0.03
92160000,92159999,-0.23
92220000,92219999,-0.08
92280000,92280006,6.17
92340000,92339999,-0.89
92400000,92399999,-0.24
92460000,92460002,2.49
92520000,92519998,-1.30
92580000,92579998,-1.01
92640000,92639999,-0.86
92700000,92699999,-0.47
92760000,92759999,-0.41
92820000,92819999,-0.35
92880000,92880001,1.98
92940000,92939999,-0.48
93000000,92999999,-0.60
93060000,93059999,-0.30
93120000,93119999,-0.38
93180000,93179999,-0.44
93240000,93239999,-0.36
93300000,93299999,-0.05
93360000,93359999,-0.04
93420000,93419999,-0.06
93480000,93480000,0.11
93540000,93540002,2.76
93600000,93599999,-0.34
93660000,93659999,-0.48
93720000,93719999,-0.30
93780000,93779999,-0.07
93840000,93840000,0.84
93900000,93900006,6.07
93960000,93959998,-1.29
94020000,94020004,4.65
94080000,94079999,-0.94
94140000,94139998,-1.69
94200000,94199998,-1.49
94260000,94259998,-1.13
94320000,94319999,-0.90
94380000,94379999,-0.65
94440000,94439999,-0.52
94500000,94499999,-0.33
94560000,94559999,-0.18
94620000,94619999,-0.14
94680000,94679999,-0.03
94740000,94739999,-0.08
94800000,94799999,-0.02
94860000,94860000,0.14
94920000,94920000,0.09
94980000,94979999,-0.15
95040000,95040000,0.34
95100000,95100000,0.32
95160000,95159999,-0.04
95220000,95220000,0.15
95280000,95280000,0.81
95340000,95339999,-0.21
95400000,95399999,-0.10
95460000,95460000,0.33
95520000,95520000,0.20
95580000,95580000,0.37
95640000,95639999,-0.03
95700000,95699999,-0.07
95760000,95760000,0.35
95820000,95820000,0.17
95880000,95880006,6.33
95940000,95939998,-1.05
96000000,95999999,-0.87
96060000,96059999,-0.67
96120000,96120000,0.19
96180000,96179999,-0.72
96240000,96239999,-0.58
96300000,96299999,-0.27
96360000,96359999,-0.35
96420000,96419999,-0.15
96480000,96479999,-0.20
96540000,96539999,-0.13
96600000,96600000,0.15
96660000,96660000,0.38
96720000,96719999,-0.08
96780000,96780000,0.48
96840000,96839999,-0.12
96900000,96899999,-0.07
96960000,96960000,0.08
97020000,97020000,0.89
97080000,97080001,1.23
97140000,97140005,5.36
97200000,97199998,-1.27
97260000,97259998,-1.32
97320000,97319999,-0.81
97380000,97379999,-0.61
97440000,97439999,-0.43
97500000,97500004,4.20
97560000,97559998,-1.04
97620000,97619998,-1.00
97680000,97679999,-0.61
97740000,97739999,-0.68
97800000,97799999,-0.33
97860000,97859999,-0.34
97920000,97919999,-0.18
97980000,97979999,-0.13
98040000,98039999,-0.11
98100000,98099999,-0.14
98160000,98160000,0.81
98220000,98219999,-0.15
98280000,98279999,-0.17
98340000,98339999,-0.16
98400000,98399999,-0.03
98460000,98460000,0.28
98520000,98520000,0.16
98580000,98580001,1.91
98640000,98639999,-0.31
98700000,98699999,-0.27
98760000,98759999,-0.18
98820000,98820000,0.19
98880000,98879999,-0.16
98940000,98940000,0.10
99000000,99000000,0.53
99060000,99059999,-0.04
99120000,99120000,0.15
99180000,99180000,0.08
99240000,99240000,0.21
99300000,99300000,0.12
99360000,99359997,-2.97
99420000,99420000,0.91
99480000,99480001,1.51
99540000,99540000,0.17
99600000,99600000,1.00
99660000,99660000,0.21
99720000,99720000,0.15
99780000,99779999,-0.03
99840000,99840002,2.92
99900000,99899999,-0.21
99960000,99959999,-0.28
100020000,100019999,-0.18
100080000,100079999,-0.09
100140000,100139999,-0.05
100200000,100200000,0.77
100260000,100259999,-0.31
100320000,100320002,2.39
100380000,100379999,-0.29
100440000,100440000,0.82
100500000,100499999,-0.44
100560000,100559999,-0.61
100620000,100619999,-0.31
100680000,100679999,-0.34
100740000,100739999,-0.11
100800000,100800005,5.93
100860000,100859998,-1.11
100920000,100919999,-0.83
100980000,100979999,-0.70
101040000,101039999,-0.55
101100000,101099999,-0.58
101160000,101159999,-0.12
101220000,101219999,-0.24
101280000,101279999,-0.17
101340000,101339999,-0.38
101400000,101399999,-0.16
101460000,101459999,-0.27
101520000,101520003,3.17
101580000,101579999,-0.70
101640000,101639999,-0.50
101700000,101699999,-0.42
101760000,101760000,0.57
101820000,101819999,-0.37
101880000,101880008,8.12
101940000,101939998,-1.63
102000000,102000000,0.19
102060000,102059998,-1.35
102120000,102119998,-1.01
102180000,102179999,-0.97
102240000,102239997,-2.05
102300000,102299999,-0.10
102360000,102360001,1.41
102420000,102419999,-0.43
102480000,102479998,-1.70
102540000,102540000,0.12
102600000,102600001,1.27
102660000,102659999,-0.03
102720000,102719999,-0.25
102780000,102779999,-0.14
102840000,102839999,-0.01
102900000,102900003,3.31
102960000,102959999,-0.62
103020000,103019999,-0.03
103080000,103080000,0.15
103140000,103140002,2.49
103200000,103199999,-0.77
103260000,103259999,-0.72
103320000,103319999,-0.35
103380000,103379999,-0.26
103440000,103439999,-0.15
103500000,103499999,-0.30
103560000,103559999,-0.12
103620000,103619999,-0.13
103680000,103679999,-0.02
103740000,103740000,0.11
103800000,103799999,-0.00
103860000,103860000,0.74
103920000,103920002,2.48
103980000,103979999,-0.51
104040000,104039999,-0.19
104100000,104099999,-0.19
104160000,104159999,-0.34
104220000,104219998,-1.26
104280000,104280000,0.82
104340000,104340000,0.08
104400000,104400000,0.15
104460000,104460000,0.33
104520000,104520000,0.16
104580000,104579999,-0.15
104640000,104640000,0.13
104700000,104699999,-0.06
104760000,104760000,0.28
104820000,104820008,8.03
104880000,104879998,-1.42
104940000,104939998,-1.07
105000000,104999999,-0.94
105060000,105059999,-0.53
105120000,105119999,-0.43
105180000,105179999,-0.43
105240000,105240000,0.37
105300000,105299999,-0.31
105360000,105360002,2.13
105420000,105419999,-0.83
105480000,105480004,4.57
105540000,105539998,-1.35
105600000,105599998,-1.06
105660000,105660002,2.02
105720000,105720006,6.89
105780000,105779997,-2.64
105840000,105839998,-1.99
105900000,105899998,-1.71
105960000,105959998,-1.13
106020000,106019998,-1.11
106080000,106079999,-0.62
106140000,106139999,-0.42
106200000,106199999,-0.43
106260000,106259999,-0.23
106320000,106319999,-0.38
106380000,106379999,-0.34
106440000,106439999,-0.14
106500000,106500007,7.38
106560000,106559998,-1.34
106620000,106620004,4.26
106680000,106679998,-1.77
106740000,106740002,2.12
106800000,106799998,-1.86
106860000,106859998,-1.68
106920000,106920005,5.40
106980000,106979997,-2.13
107040000,107039998,-1.67
107100000,107099998,-1.40
107160000,107159999,-0.94
107220000,107219999,-0.85
107280000,107279999,-0.76
107340000,107339999,-0.63
107400000,107399999,-0.31
107460000,107459999,-0.39
107520000,107519999,-0.12
107580000,107580000,0.74
107640000,107639999,-0.35
107700000,107699999,-0.25
107760000,107759999,-0.04
107820000,107819999,-0.05
107880000,107880000,0.77
107940000,107939999,-0.18
108000000,108000000,0.10
108120000,108119997,-2.12
108180000,108179998,-1.86
108240000,108239998,-1.24
108300000,108299998,-1.10
108360000,108360000,0.36
108420000,108419999,-0.71
108480000,108479999,-0.78
108540000,108539999,-0.56
108600000,108599999,-0.29
108660000,108659999,-0.15
108720000,108720002,2.31
108780000,108779999,-0.54
108840000,108839998,-1.11
108900000,108899999,-0.17
108960000,108959999,-0.21
109020000,109019999,-0.20
109080000,109080000,0.11
109140000,109139996,-3.09
109200000,109200000,0.62
109260000,109260000,0.60
109320000,109320000,0.48
109380000,109380000,0.86
109440000,109440000,0.38
109500000,109500001,1.04
109560000,109559999,-0.13
109620000,109619999,-0.11
109680000,109679999,-0.17
109740000,109740000,0.15
109800000,109800001,1.83
109860000,109859999,-0.26
109920000,109919999,-0.11
109980000,109979999,-0.11
110040000,110039999,-0.01
110100000,110099999,-0.10
110160000,110160000,0.22
110220000,110220000,0.78
110280000,110280000,0.28
110340000,110340002,2.64
110400000,110399999,-0.40
110460000,110459999,-0.43
110520000,110519999,-0.49
110580000,110579999,-0.17
110640000,110639999,-0.05
110700000,110699999,-0.07
110760000,110759999,-0.13
110820000,110819999,-0.07
110880000,110880001,1.67
110940000,110939999,-0.21
111000000,110999999,-0.24
111060000,111059999,-0.28
111120000,111119999,-0.22
111180000,111179999,-0.04
111240000,111240000,0.12
111300000,111300000,0.79
111360000,111360001,1.33
111420000,111419999,-0.12
111480000,111479999,-0.09
111540000,111539999,-0.28
111600000,111599999,-0.05
111660000,111659999,-0.00
111720000,111720002,2.87
111780000,111779999,-0.39
111840000,111839999,-0.52
111900000,111899999,-0.36
111960000,111959999,-0.11
112020000,112019999,-0.24
112080000,112079999,-0.15
112140000,112140000,0.12
112200000,112200000,0.12
112260000,112259999,-0.04
112320000,112319999,-0.06
112380000,112380000,0.99
112440000,112439999,-0.09
112500000,112500000,0.20
112560000,112560001,1.20
112620000,112619999,-0.15
112680000,112679999,-0.21
112740000,112739999,-0.02
112800000,112799999,-0.02
112860000,112859999,-0.15
112920000,112920000,0.15
112980000,112980000,0.12
113040000,113040004,4.87
113100000,113099999,-0.55
113160000,113160007,7.78
113220000,113219997,-2.12
113280000,113279998,-1.65
113340000,113339998,-1.37
113400000,113399998,-1.21
113460000,113459999,-0.77
113520000,113519999,-0.87
113580000,113579999,-0.57
113640000,113640001,1.40
113700000,113699999,-0.15
113760000,113759999,-0.33
113820000,113820000,0.34
113880000,113879999,-0.41
113940000,113939999,-0.25
114000000,113999999,-0.14
114060000,114059999,-0.28
114120000,114120000,0.16
114180000,114179999,-0.26
114240000,114239999,-0.03
114300000,114300000,0.32
114360000,114359999,-0.02
114420000,114420000,0.15
114480000,114480000,0.12
114540000,114540002,2.77
114600000,114599999,-0.51
114660000,114659999,-0.27
114720000,114719999,-0.20
114780000,114779999,-0.22
114840000,114840005,5.24
114900000,114899999,-0.97
114960000,114959999,-0.80
115020000,115019999,-0.70
115080000,115079999,-0.49
115140000,115139999,-0.31
115200000,115199999,-0.16
115260000,115259999,-0.18
115320000,115319999,-0.09
115380000,115379999,-0.10
115440000,115439999,-0.04
115500000,115499999,-0.03
115560000,115560000,0.77
115620000,115619999,-0.26
115680000,115680000,0.09
115740000,115739999,-0.10
115800000,115800000,0.27
115860000,115859999,-0.17
115920000,115919999,-0.05
115980000,115980000,0.15
116040000,116040000,0.26
116100000,116099999,-0.01
116160000,116160000,0.58
116220000,116220000,0.81
116280000,116279999,-0.06
116340000,116340000,0.61
116400000,116399999,-0.24
116460000,116460000,0.17
116520000,116519999,-0.02
116580000,116580003,3.79
116640000,116639999,-0.34
116700000,116699999,-0.72
116760000,116760002,2.26
116820000,116819999,-0.95
116880000,116880002,2.29
116940000,116939998,-1.10
117000000,116999999,-0.72
117060000,117059999,-0.70
117120000,117120001,1.48
117180000,117179999,-0.61
117240000,117239999,-0.67
117300000,117299999,-0.38
117360000,117359999,-0.27
117420000,117420000,0.21
117480000,117479999,-0.10
117540000,117539999,-0.33
117600000,117600004,4.96
117660000,117659999,-0.96
117720000,117719999,-0.84
117780000,117779999,-0.85
117840000,117839999,-0.51
117900000,117899999,-0.56
117960000,117959999,-0.43
118020000,118019999,-0.11
118080000,118079999,-0.10
118140000,118139999,-0.12
118200000,118199999,-0.01
118260000,118260000,0.14
118320000,118320000,0.12
118380000,118379999,-0.01
118440000,118440000,0.13
118500000,118499999,-0.06
118560000,118560000,0.19
118620000,118620000,0.15
118680000,118679999,-0.03
118740000,118740000,0.36
118800000,118799999,-0.04
118860000,118860000,0.43
118920000,118920005,5.73
118980000,118979999,-0.82
119040000,119039999,-0.86
119100000,119099999,-0.51
119160000,119159999,-0.52
119220000,119219999,-0.27
119280000,119279999,-0.22
119340000,119340004,4.73
119400000,119399999,-0.95
119460000,119459999,-0.71
119520000,119519999,-0.56
119580000,119579999,-0.52
119640000,119639999,-0.34
119700000,119700001,1.00
119760000,119759999,-0.32
119820000,119819999,-0.40
119880000,119879999,-0.14
119940000,119939999,-0.16
120000000,119999999,-0.26
120060000,120059999,-0.04
120120000,120120000,0.08
120180000,120179999,-0.13
120240000,120240000,0.14
120300000,120299999,-0.07
120360000,120360000,0.17
120420000,120420000,0.15
120480000,120480000,0.28
120540000,120540000,0.35
120600000,120600000,0.34
120660000,120660000,0.33
120720000,120720005,5.25
120780000,120779999,-0.73
120840000,120839999,-0.80
120900000,120899999,-0.60
120960000,120959999,-0.28
121020000,121020000,0.33
121080000,121080002,2.03
121140000,121139999,-0.52
121200000,121199999,-0.65
121260000,121259999,-0.60
121320000,121319999,-0.28
121380000,121379999,-0.42
121440000,121439999,-0.09
121500000,121499999,-0.14
121560000,121560001,1.55
121620000,121619999,-0.31
121680000,121680000,0.10
121740000,121739999,-0.22
121800000,121799999,-0.36
121860000,121859999,-0.16
121920000,121920002,2.80
121980000,121979999,-0.72
122040000,122039999,-0.53
122100000,122099999,-0.40
122160000,122159999,-0.32
122220000,122219999,-0.11
122280000,122279999,-0.14
122340000,122339999,-0.05
122400000,122399999,-0.11
122460000,122460000,0.16
122520000,122520000,0.27
122580000,122579999,-0.02
122640000,122640000,0.14
122700000,122700000,0.18
122760000,122759999,-0.68
122820000,122820000,0.77
122880000,122880000,0.91
122940000,122940000,0.45
123000000,123000000,0.52
123060000,123060000,0.33
123120000,123120001,1.81
123180000,123180000,0.33
123240000,123239999,-0.05
123300000,123300001,1.87
123360000,123359999,-0.41
123420000,123420005,5.45
123480000,123479998,-1.18
123540000,123539999,-0.75
123600000,123599999,-0.55
123660000,123660004,4.43
123720000,123719998,-1.50
123780000,123779998,-1.26
123840000,123839999,-0.90
123900000,123899999,-0.63
123960000,123959999,-0.36
124020000,124020002,2.58
124080000,124079999,-0.85
124140000,124140000,0.64
124200000,124199999,-0.72
124260000,124259999,-0.47
124320000,124319999,-0.58
124380000,124379999,-0.39
124440000,124440000,0.98
124500000,124499999,-0.15
124560000,124560000,0.14
124620000,124620000,0.52
124680000,124679999,-0.05
124740000,124739999,-0.39
124800000,124799999,-0.11
124860000,124859999,-0.07
124920000,124919999,-0.07
124980000,124980000,0.26
125040000,125039999,-0.04
125100000,125099999,-0.13
125160000,125160000,0.15
125220000,125220000,0.50
125280000,125280000,0.31
125340000,125339999,-0.02
125400000,125400000,0.75
125460000,125460000,0.24
125520000,125520006,6.96
125580000,125579998,-1.40
125640000,125639998,-1.12
125700000,125699999,-0.90
125760000,125759999,-0.98
125820000,125819999,-0.74
125880000,125879999,-0.42
125940000,125940006,6.79
126000000,125999998,-1.63
126060000,126059998,-1.26
126120000,126119998,-1.12
126180000,126179999,-0.70
126240000,126239999,-0.49
126300000,126299999,-0.45
126360000,126360005,5.82
126420000,126419998,-1.39
126480000,126480004,4.06
126540000,126539997,-2.01
126600000,126599998,-1.67
126660000,126659998,-1.00
126720000,126719999,-0.98
126780000,126779999,-0.72
126840000,126839999,-0.62
126900000,126899999,-0.29
126960000,126959999,-0.25
127020000,127019999,-0.15
127080000,127080005,5.33
127140000,127139998,-1.17
127200000,127199999,-0.80
127260000,127259999,-0.81
127320000,127319999,-0.39
127380000,127379999,-0.25
127440000,127440000,0.93
127500000,127499999,-0.51
127560000,127560007,7.14
127620000,127619998,-1.44
127680000,127679998,-1.27
127740000,127739998,-1.18
127800000,127799999,-0.78
127860000,127860005,5.85
127920000,127919998,-1.62
127980000,127980002,2.69
128040000,128039998,-1.99
128100000,128099998,-1.27
128160000,128159998,-1.06
128220000,128219999,-0.70
128280000,128279999,-0.91
128340000,128339999,-0.49
128400000,128399999,-0.50
128460000,128459999,-0.45
128520000,128520004,4.73
128580000,128579999,-0.96
128640000,128639999,-0.28
128700000,128699999,-0.76
128760000,128759999,-0.52
128820000,128819999,-0.41
128880000,128879999,-0.35
128940000,128939999,-0.39
129000000,128999999,-0.14
129060000,129059999,-0.27
129120000,129120000,0.11
129180000,129179999,-0.17
129240000,129240000,0.08
129300000,129300000,0.18
129360000,129360000,0.17
129420000,129420000,0.36
129480000,129480000,0.52
129540000,129539999,-0.12
129600000,129600003,3.83
129660000,129659999,-0.66
129720000,129720005,5.97
129780000,129779998,-1.43
129840000,129839998,-1.47
129900000,129899998,-1.20
129960000,129959998,-1.03
130020000,130019999,-0.64
130080000,130079999,-0.04
130140000,130139999,-0.55
130200000,130199999,-0.41
130260000,130259999,-0.14
130320000,130319999,-0.20
130380000,130380000,0.37
130440000,130439999,-0.17
130500000,130499999,-0.04
130560000,130559999,-0.05
130620000,130619999,-0.08
130680000,130680000,0.12
130740000,130740003,3.97
130800000,130799999,-0.43
130860000,130859999,-0.39
130920000,130919999,-0.35
130980000,130979999,-0.25
131040000,131040000,0.56
131100000,131099999,-0.23
131160000,131160002,2.20
131220000,131219999,-0.68
131280000,131279999,-0.35
131340000,131339999,-0.29
131400000,131399999,-0.27
131460000,131459999,-0.10
131520000,131519999,-0.07
131580000,131579999,-0.23
131640000,131639999,-0.02
131700000,131700000,0.56
131760000,131760000,0.48
131820000,131820003,3.18
131880000,131879999,-0.64
131940000,131939999,-0.45
132000000,131999999,-0.33
132060000,132059999,-0.44
132120000,132119999,-0.12
132180000,132179999,-0.29
132240000,132239999,-0.23
132300000,132299999,-0.01
132360000,132360000,0.27
132420000,132420000,0.13
132480000,132480000,0.12
132540000,132540000,0.40
132600000,132599999,-0.00
132660000,132660000,0.11
132720000,132720004,4.45
132780000,132779999,-0.58
132840000,132839999,-0.57
132900000,132899999,-0.46
132960000,132959999,-0.51
133020000,133019999,-0.18
133080000,133079999,-0.29
133140000,133140000,0.16
133200000,133199999,-0.08
133260000,133259999,-0.19
133320000,133320005,5.10
133380000,133379999,-0.81
133440000,133439999,-0.49
133500000,133499999,-0.66
133560000,133559999,-0.42
133620000,133619999,-0.27
133680000,133680004,4.11
133740000,133739999,-0.93
133800000,133799999,-0.72
133860000,133859999,-0.68
133920000,133919999,-0.79
133980000,133979999,-0.43
134040000,134039999,-0.45
134100000,134099999,-0.22
134160000,134159999,-0.17
134220000,134219999,-0.04
134280000,134279999,-0.12
134340000,134340000,0.24
134400000,134399999,-0.05
134460000,134459999,-0.01
134520000,134520001,1.89
134580000,134580006,6.30
134640000,134639998,-1.34
134700000,134699998,-1.14
134760000,134759999,-0.71
134820000,134819999,-0.61
134880000,134879999,-0.41
134940000,134940000,0.50
135000000,134999999,-0.33
135060000,135059999,-0.44
135120000,135120006,6.32
135180000,135179999,-0.58
135240000,135240008,8.93
135300000,135299997,-2.76
135360000,135359997,-2.04
135420000,135419998,-1.82
135480000,135479998,-1.47
135540000,135539998,-1.20
135600000,135599998,-1.03
135660000,135659999,-0.69
135720000,135719999,-0.45
135780000,135779999,-0.57
135840000,135839999,-0.46
135900000,135900000,0.48
135960000,135959999,-0.33
136020000,136020008,8.61
136080000,136079998,-1.82
136140000,136139998,-1.53
136200000,136199998,-1.05
136260000,136259997,-2.23
136320000,136319999,-0.26
136380000,136379999,-0.25
136440000,136439999,-0.18
136500000,136499999,-0.30
136560000,136559999,-0.21
136620000,136619999,-0.16
136680000,136680000,0.28
136740000,136740000,0.12
136800000,136800000,0.15
136860000,136859999,-0.02
136920000,136920002,2.97
136980000,136979999,-0.49
137040000,137040002,2.36
137100000,137099999,-0.50
137160000,137159999,-0.39
137220000,137219999,-0.45
137280000,137280002,2.57
137340000,137339999,-0.63
137400000,137399999,-0.69
137460000,137459999,-0.43
137520000,137519999,-0.39
137580000,137579999,-0.32
137640000,137639999,-0.31
137700000,137699999,-0.08
137760000,137759999,-0.01
137820000,137819999,-0.14
137880000,137880000,0.18
137940000,137940000,0.27
138000000,137999999,-0.20
138060000,138059999,-0.11
138120000,138119999,-0.20
138180000,138179998,-1.30
138240000,138240000,0.45
138300000,138300000,0.28
138360000,138359998,-1.91
138420000,138420000,0.70
138480000,138480000,0.68
138540000,138540000,0.68
138600000,138600002,2.63
138660000,138659999,-0.30
138720000,138719999,-0.25
138780000,138780001,1.01
138840000,138839999,-0.14
138900000,138900000,0.59
138960000,138960002,2.55
139020000,139019999,-0.54
139080000,139079999,-0.62
139140000,139139999,-0.13
139200000,139200004,4.58
139260000,139260002,2.77
139320000,139319998,-1.77
139380000,139379998,-1.41
139440000,139439999,-0.94
139500000,139499999,-0.64
139560000,139559999,-0.74
139620000,139619999,-0.37
139680000,139679999,-0.22
139740000,139739999,-0.22
139800000,139799999,-0.33
139860000,139859996,-3.23
139920000,139920000,0.62
139980000,139980000,0.46
140040000,140040000,0.96
140100000,140100001,1.11
140160000,140160002,2.00
140220000,140220008,8.11
140280000,140279998,-1.58
140340000,140339998,-1.42
140400000,140399998,-1.36
140460000,140460004,4.98
140520000,140519998,-1.92
140580000,140579998,-1.44
140640000,140639998,-1.14
140700000,140699999,-0.81
140760000,140759999,-0.68
140820000,140819999,-0.37
140880000,140879999,-0.29
140940000,140939999,-0.10
141000000,141000000,0.17
141060000,141059999,-0.37
141120000,141120000,0.46
141180000,141180000,0.12
141240000,141239999,-0.07
141300000,141299999,-0.08
141360000,141359999,-0.23
141420000,141419999,-0.12
141480000,141479999,-0.10
141540000,141539999,-0.09
141600000,141600003,3.74
141660000,141659999,-0.48
141720000,141719999,-0.55
141780000,141779999,-0.23
141840000,141839999,-0.14
141900000,141899999,-0.07
141960000,141959999,-0.25
142020000,142019999,-0.02
142080000,142079999,-0.33
142140000,142139999,-0.22
142200000,142199999,-0.05
142260000,142259999,-0.12
142320000,142319999,-0.07
142380000,142379999,-0.02
142440000,142440000,0.27
142500000,142500000,0.42
142560000,142560000,0.57
142620000,142620000,0.13
142680000,142680000,0.27
142740000,142740001,1.38
142800000,142799999,-0.14
142860000,142859999,-0.13
142920000,142920001,1.30
142980000,142979999,-0.37
143040000,143039999,-0.31
143100000,143099999,-0.25
143160000,143159999,-0.01
143220000,143220005,5.20
143280000,143279999,-0.83
143340000,143339999,-0.71
143400000,143399999,-0.60
143460000,143459999,-0.58
143520000,143519999,-0.18
143580000,143579999,-0.37
143640000,143639999,-0.10
143700000,143700000,0.21
143760000,143760000,0.11
143820000,143819999,-0.20
143880000,143880000,0.10
143940000,143939999,-0.14
144000000,143999999,-0.05
144060000,144060000,0.17
144120000,144120000,0.09
144180000,144180000,0.15
144240000,144240000,0.18
144300000,144299999,-0.03
144360000,144360000,0.26
144420000,144420000,0.37
144480000,144480000,0.22
144540000,144540002,2.77
144600000,144599999,-0.38
144660000,144659999,-0.10
144720000,144719999,-0.45
144780000,144779999,-0.10
144840000,144839999,-0.06
144900000,144899999,-0.19
144960000,144960002,2.75
145020000,145019999,-0.38
145080000,145079999,-0.34
145140000,145139999,-0.38
145200000,145199999,-0.13
145260000,145259999,-0.28
145320000,145320001,1.38
145380000,145380000,0.76
145440000,145440004,4.27
145500000,145499999,-0.35
145560000,145560006,6.87
145620000,145619998,-1.96
145680000,145679998,-1.81
145740000,145739998,-1.36
145800000,145799999,-0.95
145860000,145859999,-0.89
145920000,145919999,-0.52
145980000,145979999,-0.53
146040000,146039999,-0.24
146100000,146100000,0.55
146160000,146159999,-0.29
146220000,146219999,-0.01
146280000,146280005,5.74
146340000,146339998,-1.53
146400000,146399998,-1.22
146460000,146459999,-0.77
146520000,146519999,-0.10
146580000,146579999,-0.42
146640000,146640002,2.93
146700000,146699999,-0.42
146760000,146759999,-0.51
146820000,146819999,-0.43
146880000,146879999,-0.33
146940000,146939999,-0.37
147000000,146999999,-0.29
147060000,147059999,-0.09
147120000,147119999,-0.06
147180000,147180000,0.17
147240000,147240000,0.16
147300000,147299999,-0.16
147360000,147359998,-1.34
147420000,147420001,1.28
147480000,147480000,0.30
147540000,147540000,0.47
147600000,147600001,1.19
147660000,147659999,-0.27
147720000,147719999,-0.21
147780000,147780002,2.14
147840000,147839999,-0.31
147900000,147899999,-0.39
147960000,147959999,-0.33
148020000,148019999,-0.25
148080000,148079999,-0.15
148140000,148140000,0.14
148200000,148200000,0.12
148260000,148260004,4.02
148320000,148319999,-0.10
148380000,148379999,-0.70
148440000,148439999,-0.33
148500000,148499999,-0.48
148560000,148559999,-0.21
148620000,148619999,-0.13
148680000,148679999,-0.24
148740000,148739999,-0.16
148800000,148800000,0.15
148860000,148859999,-0.12
148920000,148919999,-0.06
148980000,148979999,-0.06
149040000,149039999,-0.00
149100000,149100000,0.33
149160000,149160000,0.32
149220000,149220000,0.30
149280000,149280004,4.06
149340000,149339999,-0.73
149400000,149399999,-0.55
149460000,149459999,-0.49
149520000,149520002,2.71
149580000,149579998,-1.90
149640000,149639999,-0.01
149700000,149700000,0.14
149760000,149759999,-0.01
149820000,149819999,-0.21
149880000,149879999,-0.02
149940000,149939999,-0.29
150000000,150000000,0.27
150060000,150059998,-1.53
150120000,150120000,0.47
150180000,150180000,0.13
150240000,150239999,-0.09
150300000,150300000,0.11
150360000,150359999,-0.04
150420000,150419999,-0.06
150480000,150480000,0.17
150540000,150540000,0.50
150600000,150600000,0.08
150660000,150660000,0.39
150720000,150719999,-0.02
150780000,150780000,0.88
150840000,150839999,-0.16
150900000,150900000,0.08
150960000,150960000,0.11
151020000,151019999,-0.06
151080000,151080000,0.35
151140000,151140000,0.12
151200000,151199999,-0.02
151260000,151260002,2.14
151320000,151319998,-1.35
151380000,151380000,0.49
151440000,151440000,0.11
151500000,151500000,0.43
151560000,151559999,-0.07
151620000,151620000,0.08
151680000,151680004,4.15
151740000,151739999,-0.54
151800000,151799999,-0.52
151860000,151859999,-0.48
151920000,151919999,-0.19
151980000,151979999,-0.28
152040000,152039999,-0.04
152100000,152099999,-0.17
152160000,152160000,0.13
152220000,152219999,-0.13
152280000,152279999,-0.08
152340000,152340000,0.35
152400000,152400000,0.08
152460000,152460000,0.18
152520000,152520000,0.37
152580000,152580000,0.33
152640000,152639999,-0.06
152700000,152700000,0.16
152760000,152759999,-0.04
152820000,152820000,0.37
152880000,152880000,0.13
152940000,152940000,0.23
153000000,153000005,5.97
153060000,153059999,-0.93
153120000,153119999,-0.93
153180000,153179999,-0.57
153240000,153239999,-0.31
153300000,153300000,0.74
153360000,153359999,-0.26
153420000,153419999,-0.42
153480000,153479999,-0.39
153540000,153539999,-0.17
153600000,153599999,-0.31
153660000,153660000,0.11
153720000,153720000,0.09
153780000,153780000,0.32
153840000,153839999,-0.04
153900000,153899999,-0.19
153960000,153960000,0.13
154020000,154019999,-0.07
154080000,154079999,-0.06
154140000,154140003,3.07
154200000,154199999,-0.26
154260000,154259999,-0.31
154320000,154319999,-0.55
154380000,154379999,-0.22
154440000,154439999,-0.02
154500000,154500004,4.76
154560000,154559998,-1.14
154620000,154619999,-0.74
154680000,154679999,-0.60
154740000,154739999,-0.51
154860000,154859996,-3.92
154920000,154919996,-3.23
154980000,154979997,-2.49
155040000,155039998,-1.98
155100000,155099998,-1.49
155160000,155159998,-1.24
155220000,155219998,-1.07
155280000,155279999,-0.87
155340000,155339999,-0.54
155400000,155399999,-0.38
155460000,155459999,-0.20
155520000,155519999,-0.38
155580000,155579999,-0.11
155640000,155639999,-0.03
155700000,155700000,0.10
155760000,155759999,-0.04
155820000,155820000,0.09
155880000,155879999,-0.14
155940000,155940000,0.28
156000000,156000000,0.10
156060000,156060000,0.16
156120000,156119999,-0.08
156180000,156179999,-0.03
156240000,156240000,0.31
156300000,156299999,-0.02
156360000,156360000,0.39
156420000,156420000,0.14
156480000,156480000,0.32
156540000,156539999,-0.03
156600000,156600000,0.37
156660000,156660000,0.17
156720000,156720000,0.13
156780000,156779999,-0.06
156840000,156840000,0.74
156900000,156900000,0.83
156960000,156959999,-0.06
157020000,157019999,-0.01
157080000,157079999,-0.13
157140000,157139999,-0.10
157200000,157200000,0.28
157260000,157260000,0.14
157320000,157320000,0.12
157380000,157380000,0.13
157440000,157439999,-0.42
157500000,157500000,0.10
157560000,157560000,0.11
157620000,157620000,0.40
157680000,157680000,0.49
157740000,157740001,1.14
157800000,157800000,0.11
157860000,157859999,-0.19
157920000,157919999,-0.11
157980000,157979999,-0.13
158040000,158040000,0.16
158100000,158100000,0.13
158160000,158160000,0.15
158220000,158220000,0.36
158280000,158279999,-0.07
158340000,158340000,0.38
158400000,158399999,-0.15
158460000,158459999,-0.06
158520000,158519999,-0.00
158580000,158579999,-0.13
158640000,158640000,0.19
158700000,158699999,-0.10
158760000,158760000,0.57
158820000,158820000,0.13
158880000,158880000,0.18
158940000,158940000,0.13
159000000,159000000,0.13
159060000,159060000,0.34
159120000,159120000,0.08
159180000,159180000,0.19
159240000,159240000,0.13
159300000,159300000,0.28
159360000,159359999,-0.09
159420000,159419999,-0.06
159480000,159480000,0.08
159540000,159540000,0.39
159600000,159600000,0.15
159660000,159660000,0.38
159720000,159719999,-0.00
159780000,159780000,0.17
159840000,159840000,0.15
159900000,159900000,0.24
159960000,159959999,-0.07
160020000,160020000,0.40
160080000,160080000,0.28
160140000,160140000,0.12
160200000,160200000,0.11
160260000,160259999,-0.02
160320000,160320000,0.41
160380000,160379999,-0.05
160440000,160440000,0.66
160500000,160500006,6.19
160560000,160559999,-0.75
160620000,160619998,-1.04
160680000,160679999,-0.68
160740000,160739999,-0.71
160800000,160799999,-0.31
160860000,160859999,-0.26
160920000,160919999,-0.12
160980000,160979999,-0.21
161040000,161039999,-0.02
161100000,161099999,-0.06
161160000,161160000,0.11
161220000,161220000,0.08
161280000,161279999,-0.10
161340000,161340000,0.32
161400000,161400000,0.14
161460000,161460000,0.15
161520000,161519999,-0.04
161580000,161580000,0.39
161640000,161640000,0.21
161700000,161700000,0.12
161760000,161759999,-0.01
161820000,161819999,-0.00
161880000,161880000,0.38
161940000,161940000,0.17
162000000,162000002,2.02
162060000,162059999,-0.44
162120000,162119999,-0.04
162180000,162179999,-0.30
162240000,162239999,-0.17
162300000,162299999,-0.09
162360000,162360000,0.98
162420000,162419997,-2.92
162480000,162480000,0.48
162540000,162540000,0.33
162600000,162600000,0.30
162660000,162660000,0.80
162720000,162720000,0.26
162780000,162780000,0.20
162840000,162840000,0.20
162900000,162900000,0.09
162960000,162960000,0.81
163020000,163020000,0.10
163080000,163080000,0.21
163140000,163140000,0.37
163200000,163199999,-0.10
163260000,163259999,-0.09
163320000,163320000,0.11
163380000,163379999,-0.04
163440000,163439999,-0.01
163500000,163500000,0.08
163560000,163560000,0.33
163620000,163620000,0.34
163680000,163680000,0.17
163740000,163740000,0.19
163800000,163800000,0.19
163860000,163860000,0.16
163920000,163919998,-1.36
163980000,163980000,0.84
164040000,164040002,2.03
164100000,164100000,0.19
164160000,164159999,-0.06
164220000,164219999,-0.01
164280000,164280000,0.12
164340000,164339999,-0.13
164400000,164400004,4.30
164460000,164459999,-0.53
164520000,164519999,-0.34
164580000,164579999,-0.60
164640000,164639999,-0.31
164700000,164699999,-0.41
164760000,164759999,-0.07
164820000,164819999,-0.23
164880000,164879999,-0.08
164940000,164939999,-0.09
165000000,165000000,0.48
165060000,165059999,-0.06
165120000,165120000,0.30
165180000,165179999,-0.10
165240000,165239999,-0.04
165300000,165300004,4.53
165360000,165359999,-0.56
165420000,165419999,-0.66
165480000,165479999,-0.45
165540000,165539999,-0.13
165600000,165599999,-0.37
165660000,165659999,-0.19
165720000,165719999,-0.22
165780000,165779999,-0.06
165840000,165839999,-0.06
165900000,165900000,0.47
165960000,165959999,-0.01
166020000,166020000,0.13
166080000,166080001,1.69
166140000,166139999,-0.35
166200000,166199999,-0.27
166260000,166259999,-0.05
166320000,166320000,0.28
166380000,166379999,-0.12
166440000,166439999,-0.04
166500000,166499999,-0.12
166560000,166560000,0.38
166620000,166619999,-0.10
166680000,166680002,2.16
166740000,166739999,-0.47
166800000,166799999,-0.36
166860000,166859999,-0.32
166920000,166919999,-0.07
166980000,166979999,-0.21
167040000,167040000,0.33
167100000,167099999,-0.15
167160000,167160000,0.15
167220000,167219999,-0.07
167280000,167279999,-0.06
167340000,167340000,0.64
167400000,167400000,0.17
167460000,167460000,0.31
167520000,167519999,-0.08
167580000,167580000,0.11
167640000,167640000,0.48
167700000,167700000,0.35
167760000,167759999,-0.06
167820000,167819999,-0.18
167880000,167879999,-0.02
167940000,167940000,0.43
168000000,167999999,-0.10
168060000,168059999,-0.04
168120000,168120000,0.20
168180000,168180000,0.18
168240000,168239999,-0.04
168300000,168300000,0.27
168360000,168360000,0.14
168420000,168420000,0.42
168480000,168480000,0.31
168540000,168540003,3.83
168600000,168599999,-0.54
168660000,168660004,4.84
168720000,168719998,-1.28
168780000,168780005,5.45
168840000,168839998,-1.45
168900000,168899998,-1.58
168960000,168959998,-1.27
169020000,169019998,-1.12
169080000,169079999,-0.90
169140000,169139999,-0.78
169200000,169199999,-0.55
169260000,169259999,-0.38
169320000,169320003,3.89
169380000,169379999,-0.88
169440000,169439999,-0.93
169500000,169499999,-0.58
169560000,169559999,-0.60
169620000,169619999,-0.37
169680000,169679999,-0.17
169740000,169739999,-0.11
169800000,169800000,0.11
169860000,169860000,0.10
169920000,169919999,-0.02
169980000,169980000,0.39
170040000,170039999,-0.19
170100000,170100000,0.13
170160000,170159999,-0.15
170220000,170220000,0.28
170280000,170280000,0.13
170340000,170339999,-0.09
170400000,170399999,-0.05
170460000,170459999,-0.04
170520000,170519999,-0.05
170580000,170579999,-0.01
170640000,170639999,-0.11
170700000,170699999,-0.05
170760000,170760000,0.15
170820000,170820000,0.39
170880000,170880000,0.16
170940000,170940000,0.23
171000000,170999999,-0.05
171060000,171060000,0.29
171120000,171120000,0.30
171180000,171180000,0.52
171240000,171240000,0.71
171300000,171300000,0.28
171360000,171359999,-0.03
171420000,171419999,-0.20
171480000,171479999,-0.13
171540000,171540000,0.16
171600000,171600004,4.55
171660000,171660000,0.13
171720000,171719999,-0.83
171780000,171779999,-0.49
171840000,171839999,-0.42
171900000,171899999,-0.27
171960000,171960004,4.56
172020000,172019998,-1.04
172080000,172080004,4.42
172140000,172139998,-1.70
172200000,172199998,-1.34
172260000,172259999,-1.00
172320000,172319999,-0.93
172380000,172379999,-0.61
172440000,172439999,-0.63
172500000,172499999,-0.43
172560000,172559999,-0.23
172620000,172619999,-0.03
172680000,172679999,-0.12
172740000,172740000,0.97
172800000,172799999,-0.19
172860000,172859999,-0.26
172920000,172920000,0.11
172980000,172980004,4.56
173040000,173040002,2.94
173100000,173099998,-1.49
173160000,173159998,-1.12
173220000,173219999,-0.85
173280000,173280000,0.31
173340000,173339999,-0.01
173400000,173399999,-0.61
173460000,173459999,-0.69
173520000,173519999,-0.30
173580000,173579999,-0.26
173640000,173640000,0.52
173700000,173699999,-0.30
173760000,173759999,-0.21
173820000,173819999,-0.17
173880000,173880000,0.11
173940000,173939999,-0.14
174000000,173999999,-0.03
174060000,174060000,0.35
174120000,174120006,6.65
174180000,174179998,-1.09
174240000,174239999,-0.89
174300000,174299999,-0.83
174360000,174359999,-0.52
174420000,174419999,-0.41
174480000,174479999,-0.48
174540000,174539999,-0.30
174600000,174599999,-0.23
174660000,174659999,-0.08
174720000,174719999,-0.27
174780000,174780001,1.77
174840000,174839999,-0.06
174900000,174899999,-0.22
174960000,174959999,-0.21
175020000,175019999,-0.19
175080000,175079999,-0.25
175140000,175139999,-0.06
175200000,175199999,-0.05
175260000,175259999,-0.10
175320000,175319999,-0.04
175380000,175380000,0.38
175440000,175440005,5.27
175500000,175499999,-0.59
175560000,175559999,-0.75
175620000,175619999,-0.50
175680000,175679999,-0.46
175740000,175739999,-0.42
175800000,175799999,-0.26
175860000,175859999,-0.24
175920000,175919999,-0.07
175980000,175979999,-0.05
176040000,176040000,0.12
176100000,176100000,0.18
176160000,176160000,0.13
176220000,176220000,0.15
176280000,176280000,0.29
176340000,176339999,-0.13
176400000,176400000,0.13
176460000,176460000,0.32
176520000,176520000,0.08
176580000,176579999,-0.11
176640000,176640004,4.60
176700000,176699999,-0.61
176760000,176759999,-0.56
176820000,176820004,4.74
176880000,176879998,-1.27
176940000,176939998,-1.04
177000000,176999999,-0.98
177060000,177059999,-0.62
177120000,177119999,-0.40
177180000,177179999,-0.30
177240000,177239999,-0.23
177300000,177299999,-0.12
177360000,177359999,-0.27
177420000,177419999,-0.07
177480000,177480000,0.39
177540000,177539999,-0.08
177600000,177599999,-0.12
177660000,177660000,0.86
177720000,177719999,-0.17
177780000,177779999,-0.16
177840000,177839999,-0.05
177900000,177900000,0.16
177960000,177959999,-0.06
178020000,178020000,0.47
178080000,178080000,0.08
178140000,178140001,1.43
178200000,178200001,1.27
178260000,178259999,-0.13
178320000,178319999,-0.19
178380000,178380000,0.51
178440000,178439999,-0.13
178500000,178499999,-0.12
178560000,178559999,-0.23
178620000,178619999,-0.25
178680000,178679999,-0.03
178740000,178739999,-0.22
178800000,178799999,-0.28
178860000,178859999,-0.11
178920000,178919999,-0.17
178980000,178980005,5.22
179040000,179040000,0.31
179100000,179099999,-0.67
179160000,179159999,-0.46
179220000,179219999,-0.29
179280000,179279999,-0.25
179340000,179339999,-0.44
179400000,179399999,-0.08
179460000,179459999,-0.22
179520000,179519999,-0.03
179580000,179580005,5.47
179640000,179639999,-0.85
179700000,179699999,-0.92
179760000,179759999,-0.07
179820000,179819999,-0.61
179880000,179879999,-0.29
179940000,179939999,-0.43
180000000,179999999,-0.16
180060000,180059999,-0.10
180120000,180119999,-0.06
180180000,180179999,-0.06
180240000,180239999,-0.02
180300000,180300000,0.48
180360000,180359999,-0.09
180420000,180420000,0.12
180480000,180479999,-0.04
180540000,180539999,-0.07
180600000,180600000,0.47
180660000,180659999,-0.08
180720000,180720005,5.15
180780000,180779999,-0.59
180840000,180839999,-0.77
180900000,180899999,-0.44
180960000,180959999,-0.32
181020000,181019999,-0.21
181080000,181079999,-0.14
181140000,181139999,-0.12
181200000,181200000,0.19
181260000,181259999,-0.23
181320000,181319999,-0.01
181380000,181379999,-0.01
181440000,181440000,0.12
181500000,181500000,0.83
181560000,181559999,-0.05
181620000,181619999,-0.21
181680000,181679999,-0.14
181740000,181740000,0.19
181800000,181800000,0.52
181860000,181860004,4.54
181920000,181919999,-0.68
181980000,181979999,-0.26
182040000,182039999,-0.50
182100000,182099999,-0.49
182160000,182159999,-0.21
182220000,182219999,-0.24
182280000,182279999,-0.02
182340000,182340002,2.57
182400000,182399999,-0.44
182460000,182459999,-0.43
182520000,182519999,-0.29
182580000,182579999,-0.19
182640000,182640006,6.49
182700000,182699998,-1.42
182760000,182760003,3.45
182820000,182819998,-1.69
182880000,182879998,-1.60
182940000,182939998,-1.11
183000000,183000005,5.37
183060000,183059997,-2.14
183120000,183119998,-1.54
183180000,183180002,2.19
183240000,183239998,-1.50
183300000,183299998,-1.43
183360000,183359999,-0.93
183420000,183419999,-0.89
183480000,183479999,-0.72
183540000,183539999,-0.54
183600000,183599999,-0.40
183660000,183659999,-0.30
183720000,183720004,4.66
183780000,183779999,-0.82
183840000,183839999,-0.68
183900000,183899999,-0.57
183960000,183959999,-0.39
184020000,184019999,-0.35
184080000,184079999,-0.34
184140000,184140000,0.35
184200000,184199999,-0.33
184260000,184259999,-0.24
184320000,184319998,-1.25
184380000,184380000,0.43
184440000,184440000,0.13
184500000,184500000,0.20
184560000,184560000,0.12
184620000,184620000,0.16
184680000,184680000,0.14
184740000,184740000,0.18
184800000,184800000,0.58
184860000,184860000,0.13
184920000,184920000,0.15
184980000,184980000,0.39
185040000,185039999,-0.08
185100000,185100003,3.06
185160000,185159999,-0.46
185220000,185219999,-0.32
185280000,185279999,-0.19
185340000,185339999,-0.20
185400000,185399999,-0.04
185460000,185459999,-0.17
185520000,185520000,0.22
185580000,185580004,4.69
185640000,185639999,-0.42
185700000,185699999,-0.68
185760000,185759999,-0.65
185820000,185819999,-0.39
185880000,185880004,4.55
185940000,185939998,-1.20
186000000,185999999,-0.84
186060000,186059999,-0.69
186120000,186119999,-0.60
186180000,186179999,-0.54
186240000,186239999,-0.16
186300000,186300000,0.57
186360000,186359999,-0.29
186420000,186419999,-0.19
186480000,186479999,-0.29
186540000,186540000,0.88
186600000,186599999,-0.17
186660000,186659999,-0.22
186720000,186720004,4.65
186780000,186780001,1.75
186840000,186839998,-1.11
186900000,186899999,-0.91
186960000,186960002,2.13
187020000,187019998,-1.38
187080000,187080003,3.49
187140000,187139998,-1.60
187200000,187199995,-4.28
187260000,187260006,6.31
187320000,187319998,-1.61
187380000,187379998,-1.41
187440000,187439998,-1.04
187500000,187499999,-0.69
187560000,187560004,4.39
187620000,187619998,-1.36
187680000,187679998,-1.22
187740000,187739996,-3.88
187800000,187799999,-0.23
187860000,187859999,-0.16
187920000,187919998,-1.35
187980000,187980001,1.36
188040000,188039999,-0.05
188100000,188099998,-1.13
188160000,188160000,0.62
188220000,188220000,0.40
188280000,188280000,0.64
188340000,188340000,0.37
188400000,188400002,2.13
188460000,188459999,-0.03
188520000,188519999,-0.22
188580000,188579999,-0.06
188640000,188639999,-0.21
188700000,188699999,-0.15
188760000,188760000,0.12
188820000,188819999,-0.10
188880000,188880000,0.77
188940000,188939999,-0.04
189000000,188999999,-0.00
189060000,189060002,2.32
189120000,189119999,-0.00
189180000,189180001,1.03
189240000,189239999,-0.28
189300000,189299999,-0.17
189360000,189360002,2.49
189420000,189419999,-0.53
189480000,189479999,-0.63
189540000,189539999,-0.54
189600000,189599999,-0.12
189660000,189659998,-1.61
189720000,189719999,-0.01
189780000,189780000,0.29
189840000,189840001,1.93
189900000,189899999,-0.32
189960000,189959999,-0.04
190020000,190020000,0.12
190080000,190079999,-0.24
190140000,190139999,-0.01
190200000,190200000,0.29
190260000,190260000,0.15
190320000,190320000,0.12
190380000,190379999,-0.14
190440000,190439999,-0.09
190500000,190500000,0.44
190560000,190560000,0.58
190620000,190619999,-0.10
190680000,190679996,-3.12
190740000,190740000,0.97
190800000,190800000,0.52
190860000,190860000,0.44
190920000,190920000,0.54
190980000,190980000,0.48
191040000,191040003,3.03
191100000,191099999,-0.46
191160000,191160000,0.72
191220000,191219999,-0.31
191280000,191279999,-0.44
191340000,191340005,5.52
191400000,191399998,-1.30
191460000,191459999,-0.90
191520000,191519999,-0.68
191580000,191579999,-0.52
191640000,191639999,-0.39
191700000,191699999,-0.45
191760000,191759999,-0.19
191820000,191819999,-0.28
191880000,191880000,0.12
191940000,191940000,0.37
192000000,191999999,-0.31
192060000,192060000,0.20
192120000,192119999,-0.13
192180000,192179999,-0.09
192240000,192240000,0.10
192300000,192299999,-0.01
192360000,192359999,-0.10
192420000,192420000,0.29
192480000,192480000,0.21
192540000,192540000,0.22
192600000,192600000,0.18
192660000,192659999,-0.05
192720000,192720000,0.51
192780000,192780000,0.66
192840000,192840000,0.16
192900000,192899999,-0.05
192960000,192960000,0.34
193020000,193020000,0.22
193080000,193079999,-0.02
193140000,193140000,0.11
193200000,193200000,0.10
193260000,193260000,0.22
193320000,193319999,-0.08
193380000,193380006,6.84
193440000,193439998,-1.20
193500000,193499998,-1.07
193560000,193559999,-0.83
193620000,193620000,0.32
193680000,193679999,-0.32
193740000,193739999,-0.45
193800000,193799999,-0.12
193860000,193860000,0.18
193920000,193919999,-0.29
193980000,193980000,0.29
194040000,194039999,-0.26
194100000,194100000,0.10
194160000,194159999,-0.14
194220000,194219999,-0.07
194280000,194280000,0.44
194340000,194339999,-0.00
194400000,194399999,-0.03
194460000,194460000,0.67
194520000,194520000,0.36
194580000,194580000,0.12
194640000,194639999,-0.72
194700000,194700000,0.32
194760000,194760000,0.28
194820000,194819999,-0.05
194880000,194880000,0.16
194940000,194940006,6.14
195000000,194999998,-1.02
195060000,195059999,-0.92
195120000,195119999,-0.65
195180000,195179999,-0.75
195240000,195239999,-0.32
195300000,195299999,-0.38
195360000,195359999,-0.18
195420000,195419999,-0.25
195480000,195479999,-0.22
195540000,195539999,-0.01
195600000,195599999,-0.13
195660000,195660000,0.19
195720000,195719999,-0.06
195780000,195780000,0.44
195840000,195839999,-0.02
195900000,195900000,0.21
195960000,195960000,0.19
196020000,196020003,3.41
196080000,196079999,-0.45
196140000,196139999,-0.47
196200000,196199999,-0.33
196260000,196259999,-0.33
196320000,196320000,0.55
196380000,196380000,0.36
196440000,196440000,0.45
196500000,196500000,0.32
196560000,196560000,0.91
196620000,196619999,-0.52
196680000,196680003,3.33
196740000,196739999,-0.95
196800000,196800000,0.99
196860000,196859999,-0.97
196920000,196919999,-0.48
196980000,196979999,-0.60
197040000,197039999,-0.48
197100000,197099999,-0.35
197160000,197159999,-0.12
197220000,197219999,-0.26
197280000,197280000,0.12
197340000,197339999,-0.08
197400000,197399999,-0.02
197460000,197460000,0.15
197520000,197520000,0.25
197580000,197580000,0.12
197640000,197640000,0.38
197700000,197700000,0.10
197760000,197759999,-0.03
197820000,197820000,0.10
197880000,197880000,0.16
197940000,197940000,0.17
198000000,197999999,-0.09
198060000,198059999,-0.02
198120000,198120000,0.08
198180000,198180000,0.37
198240000,198240000,0.48
198300000,198299999,-0.04
198360000,198359999,-0.01
198420000,198420000,0.51
198480000,198480000,0.21
198540000,198540000,0.16
198600000,198599999,-0.02
198660000,198659999,-0.05
198720000,198720002,2.72
198780000,198779999,-0.27
198840000,198839999,-0.14
198900000,198899999,-0.12
198960000,198959999,-0.26
199020000,199019999,-0.24
199080000,199079999,-0.01
199140000,199140004,4.37
199200000,199200001,1.89
199260000,199259998,-1.33
199320000,199319999,-0.91
199380000,199379999,-0.86
199440000,199439999,-0.55
199500000,199499999,-0.61
199560000,199559999,-0.26
199620000,199619999,-0.34
199680000,199679999,-0.17
199740000,199740002,2.85
199800000,199799999,-0.01
199860000,199859999,-0.38
199920000,199919999,-0.13
199980000,199980002,2.47
200040000,200039999,-0.78
200100000,200099999,-0.53
200160000,200159999,-0.62
200220000,200219999,-0.31
200280000,200279999,-0.09
200340000,200339999,-0.16
200400000,200399999,-0.10
200460000,200459998,-1.47
200520000,200520000,0.11
200580000,200580000,0.35
200640000,200640000,0.21
200700000,200700001,1.17
200760000,200760000,0.41
200820000,200819999,-0.23
200880000,200879999,-0.00
200940000,200940000,0.13
201000000,200999999,-0.00
201060000,201060000,0.13
201120000,201119999,-0.02
201180000,201179999,-0.03
201240000,201240000,0.10
201300000,201300000,0.09
201360000,201360000,0.51
201420000,201420000,0.21
201480000,201480000,0.59
201540000,201540000,0.29
201600000,201599999,-0.16
201660000,201659999,-0.11
201720000,201720004,4.43
201780000,201779999,-0.60
201840000,201839999,-0.67
201900000,201899999,-0.53
201960000,201959999,-0.22
202020000,202019998,-1.67
202080000,202080004,4.36
202140000,202139999,-0.58
202200000,202199999,-0.40
202260000,202259999,-0.25
202320000,202320000,0.90
202380000,202380004,4.81
202440000,202439998,-1.39
202500000,202499998,-1.19
202560000,202559999,-0.80
202620000,202619999,-0.47
202680000,202679999,-0.47
202740000,202740005,5.05
202800000,202799998,-1.25
202860000,202859999,-0.94
202920000,202919999,-0.80
202980000,202979999,-0.55
203040000,203039999,-0.46
203100000,203100006,6.73
203160000,203159998,-1.75
203220000,203219998,-1.25
203280000,203279998,-1.14
203340000,203339999,-0.89
203400000,203399997,-2.10
203460000,203460001,1.18
203520000,203520003,3.25
203580000,203579999,-0.44
203640000,203639999,-0.89
203700000,203699999,-0.16
203760000,203760000,0.82
203820000,203819999,-0.70
203880000,203879998,-1.80
203940000,203939999,-0.39
204000000,204000005,5.25
204060000,204059998,-1.23
204120000,204119999,-0.84
204180000,204179999,-0.62
204240000,204239999,-0.50
204300000,204299999,-0.53
204360000,204359999,-0.43
204420000,204419999,-0.00
204480000,204479999,-0.25
204540000,204539999,-0.21
204600000,204600000,0.11
204660000,204659998,-1.36
204720000,204720000,0.42
204780000,204780000,0.54
204840000,204840000,0.20
204900000,204900000,0.25
204960000,204960000,0.14
205020000,205020000,0.28
205080000,205080000,0.11
205140000,205140000,0.18
205200000,205200002,2.08
205260000,205260000,0.97
205320000,205319999,-0.29
205380000,205379999,-0.39
205440000,205439999,-0.17
205500000,205500000,0.85
205560000,205559999,-0.30
205620000,205620003,3.03
205680000,205679999,-0.56
205740000,205739999,-0.27
205800000,205799999,-0.30
205860000,205859999,-0.12
205920000,205919999,-0.23
205980000,205980002,2.58
206040000,206039999,-0.43
206100000,206100001,1.08
206160000,206159999,-0.56
206220000,206219999,-0.30
206280000,206279998,-1.74
206340000,206339999,-0.09
206400000,206400000,0.94
206460000,206460000,0.37
206520000,206520000,0.13
206580000,206580000,0.66
206640000,206640002,2.82
206700000,206699999,-0.45
206760000,206759999,-0.45
206820000,206819999,-0.60
206880000,206879999,-0.47
206940000,206939999,-0.27
207000000,207000000,0.11
207060000,207059999,-0.04
207120000,207120001,1.22
207180000,207180005,5.28
207240000,207239998,-1.30
207300000,207299998,-1.07
207360000,207359998,-1.04
207420000,207419999,-0.55
207480000,207479999,-0.65
207540000,207540000,0.23
207600000,207600008,8.01
207660000,207660005,5.26
207720000,207719997,-2.85
207780000,207779997,-2.28
207840000,207839998,-1.94
207900000,207899995,-4.56
207960000,207959999,-0.41
208020000,208020001,1.63
208080000,208079999,-0.09
208140000,208139999,-0.50
208200000,208199999,-0.51
208260000,208259999,-0.51
208320000,208319999,-0.28
208380000,208379999,-0.23
208440000,208439999,-0.08
208500000,208500004,4.31
208560000,208560001,1.87
208620000,208619998,-1.09
208680000,208679999,-0.89
208740000,208739999,-0.42
208800000,208799999,-0.57
208860000,208859999,-0.41
208920000,208919999,-0.27
208980000,208979999,-0.22
209040000,209039999,-0.33
209100000,209099999,-0.06
209160000,209160000,0.14
209220000,209219999,-0.18
209280000,209279998,-1.31
209340000,209340000,0.72
209400000,209400000,0.09
209460000,209460000,0.72
209520000,209520000,0.26
209580000,209580000,0.15
209640000,209640005,5.79
209700000,209699998,-1.07
209760000,209760002,2.10
209820000,209819998,-1.05
209880000,209879999,-0.85
209940000,209939999,-0.63
210000000,209999999,-0.66
210060000,210059999,-0.51
210120000,210119999,-0.32
210180000,210179999,-0.25
210240000,210239999,-0.05
210300000,210299999,-0.23
210360000,210359999,-0.12
210420000,210420000,0.12
210480000,210479999,-0.04
210540000,210540003,3.78
210600000,210599999,-0.43
210660000,210659999,-0.18
210720000,210719999,-0.15
210780000,210779999,-0.03
210840000,210839999,-0.12
210900000,210899999,-0.30
210960000,210959999,-0.06
211020000,211019999,-0.08
211080000,211079999,-0.03
211140000,211139999,-0.12
211200000,211199999,-0.15
211260000,211260000,0.10
211320000,211320000,0.09
211380000,211380000,0.12
211440000,211439999,-0.07
211500000,211499999,-0.00
211560000,211559999,-0.03
211620000,211619999,-0.15
211680000,211680000,0.40
211740000,211740000,0.89
211800000,211800004,4.64
211860000,211859999,-0.66
211920000,211919999,-0.93
211980000,211979999,-0.53
212040000,212039999,-0.39
212100000,212099999,-0.23
212160000,212159999,-0.23
212220000,212220001,1.28
212280000,212279999,-0.21
212340000,212339999,-0.44
212400000,212399999,-0.37
212460000,212460001,1.11
212520000,212519999,-0.20
212580000,212580004,4.03
212640000,212639998,-1.03
212700000,212699999,-0.88
212760000,212759999,-0.70
212820000,212820005,5.40
212880000,212879998,-1.46
212940000,212939999,-0.99
213000000,212999999,-0.83
213060000,213059999,-0.86
213120000,213119999,-0.35
213180000,213179999,-0.48
213240000,213239999,-0.19
213300000,213299999,-0.32
213360000,213360004,4.80
213420000,213419998,-1.01
213480000,213479999,-0.71
213540000,213539999,-0.54
213600000,213599999,-0.38
213660000,213659999,-0.26
213720000,213719999,-0.36
213780000,213779999,-0.12
213840000,213839999,-0.16
213900000,213900000,0.54
213960000,213959999,-0.28
214020000,214019999,-0.15
214080000,214079999,-0.12
214140000,214140000,0.53
214200000,214199999,-0.10
214260000,214260000,0.45
214320000,214320000,0.61
214380000,214379999,-0.04
214440000,214440000,0.16
214500000,214499999,-0.11
214560000,214560001,1.99
214620000,214619999,-0.42
214680000,214679999,-0.33
214740000,214739999,-0.02
214800000,214799999,-0.21
214860000,214859999,-0.18
214920000,214920000,0.37
214980000,214980000,0.16
215040000,215040002,2.60
215100000,215099999,-0.42
215160000,215159999,-0.20
215220000,215219999,-0.18
215280000,215280000,0.43
215340000,215339999,-0.06
215400000,215399999,-0.12
215460000,215459999,-0.28
215520000,215519999,-0.05
215580000,215580000,0.60
215640000,215639999,-0.22
215700000,215699999,-0.15
215760000,215760004,4.35
215820000,215819999,-0.72
215880000,215879999,-0.68
215940000,215939999,-0.28
216000000,215999999,-0.65
216060000,216059999,-0.30
216120000,216119999,-0.21
216180000,216179999,-0.05
216240000,216239999,-0.09
216300000,216299999,-0.04
216360000,216359999,-0.02
216420000,216420000,0.11
216480000,216480000,0.33
216540000,216540007,7.62
216600000,216599998,-1.22
216660000,216659998,-1.31
216720000,216720005,5.80
216780000,216779998,-1.74
216840000,216839998,-1.63
216900000,216899998,-1.43
216960000,216959999,-0.81
217020000,217019999,-0.69
217080000,217079999,-0.75
217140000,217139999,-0.26
217200000,217199999,-0.42
217260000,217259999,-0.21
217320000,217319999,-0.28
217380000,217379999,-0.05
217440000,217439999,-0.20
217500000,217500000,0.14
217560000,217560000,0.10
217620000,217620000,0.12
217680000,217680000,0.16
217740000,217739999,-0.07
217800000,217800000,0.48
217860000,217860000,0.55
217920000,217920000,0.54
217980000,217980004,4.48
218040000,218040004,4.05
218100000,218099998,-1.77
218160000,218159998,-1.16
218220000,218219998,-1.01
218280000,218279999,-0.95
218340000,218339999,-0.49
218400000,218399999,-0.45
218460000,218459999,-0.27
218520000,218520004,4.92
218580000,218580003,3.66
218640000,218639998,-1.72
218700000,218699998,-1.48
218760000,218759998,-1.31
218820000,218820004,4.70
218880000,218879998,-1.68
218940000,218939998,-1.57
219000000,218999998,-1.07
219060000,219059999,-0.86
219120000,219119999,-0.63
219180000,219179999,-0.11
219240000,219239999,-0.33
219300000,219299999,-0.32
219360000,219359999,-0.34
219420000,219419999,-0.16
219480000,219479999,-0.21
219540000,219539999,-0.20
219600000,219599999,-0.29
219660000,219659999,-0.19
219720000,219720000,0.13
219780000,219779999,-0.14
219840000,219839999,-0.09
219900000,219900000,0.88
219960000,219959999,-0.17
220020000,220020000,0.33
220080000,220080000,0.31
220140000,220139999,-0.14
220200000,220200000,0.32
220260000,220259999,-0.16
220320000,220320000,0.08
220380000,220380000,0.38
220440000,220439999,-0.08
220500000,220500000,0.19
220560000,220559999,-0.07
220620000,220620004,4.06
220680000,220679999,-0.31
220740000,220739999,-0.43
220800000,220799999,-0.38
220860000,220859999,-0.14
220920000,220920002,2.93
220980000,220979999,-0.58
221040000,221039999,-0.53
221100000,221099999,-0.59
221160000,221159999,-0.30
221220000,221219999,-0.33
221280000,221279999,-0.13
221340000,221339999,-0.02
221400000,221400000,0.41
221460000,221460000,0.54
221520000,221520000,0.16
221580000,221580000,0.15
221640000,221639999,-0.28
221700000,221700000,0.22
221760000,221760000,0.08
221820000,221819999,-0.18
221880000,221879999,-0.16
221940000,221940000,0.37
222000000,221999999,-0.04
222060000,222059999,-0.07
222120000,222120000,0.27
222180000,222180000,0.23
222240000,222240000,0.27
222300000,222300000,0.11
222360000,222360000,0.17
222420000,222420000,0.33
222480000,222480000,0.23
222540000,222540000,0.32
222600000,222600000,0.38
222660000,222659999,-0.13
222720000,222720005,5.46
222780000,222779998,-1.03
222840000,222839999,-0.68
222900000,222899999,-0.52
222960000,222959999,-0.19
223020000,223019999,-0.23
223080000,223079999,-0.43
223140000,223139999,-0.14
223200000,223199999,-0.29
223260000,223259999,-0.02
223320000,223319999,-0.06
223380000,223379999,-0.10
223440000,223439999,-0.01
223500000,223500000,0.39
223560000,223559999,-0.05
223620000,223620000,0.18
223680000,223679999,-0.27
223740000,223739999,-0.03
223800000,223800000,0.27
223860000,223859999,-0.16
223920000,223920000,0.20
223980000,223980000,0.36
224040000,224039999,-0.11
224100000,224100000,0.19
224160000,224160000,0.38
224220000,224219999,-0.09
224280000,224280000,0.39
224340000,224339999,-0.13
224400000,224400000,0.31
224460000,224460001,1.51
224520000,224519999,-0.11
224580000,224579999,-0.05
224640000,224639999,-0.10
224700000,224700001,1.59
224760000,224759999,-0.42
224820000,224819999,-0.25
224880000,224880002,2.10
224940000,224939999,-0.63
225000000,224999999,-0.17
225060000,225060000,0.28
225120000,225120000,0.62
225180000,225179999,-0.22
225240000,225239999,-0.38
225300000,225299999,-0.17
225360000,225359999,-0.09
225420000,225420003,3.06
225480000,225480000,0.14
225540000,225539999,-0.58
225600000,225600006,6.51
225660000,225659998,-1.28
225720000,225720001,1.99
225780000,225780003,3.33
225840000,225839997,-2.61
225900000,225899997,-2.03
225960000,225960002,2.89
226020000,226019997,-2.14
226080000,226079998,-1.51
226140000,226139998,-1.16
226200000,226199999,-0.80
226260000,226259999,-0.72
226320000,226319999,-0.54
226380000,226379999,-0.36
226440000,226439999,-0.31
226500000,226499999,-0.22
226560000,226559999,-0.26
226620000,226619999,-0.15
226680000,226679999,-0.21
226740000,226739999,-0.15
226800000,226800000,0.17
226860000,226859999,-0.06
226920000,226920000,0.18
226980000,226980000,0.18
227040000,227039999,-0.05
227100000,227100000,0.35
227160000,227159999,-0.04
227220000,227220000,0.99
227280000,227280006,6.11
227340000,227339998,-1.23
227400000,227399999,-0.90
227460000,227459999,-0.81
227520000,227519999,-0.44
227580000,227580007,7.46
227640000,227639998,-1.76
227700000,227699998,-1.30
227760000,227759998,-1.35
227820000,227820000,0.49
227880000,227879999,-0.92
227940000,227939999,-0.56
228000000,227999999,-0.69
228060000,228059999,-0.42
228120000,228119999,-0.42
228180000,228179999,-0.21
228240000,228240001,1.72
228300000,228299999,-0.54
228360000,228359999,-0.40
228420000,228419999,-0.14
228480000,228480004,4.49
228540000,228539999,-0.93
228600000,228599999,-0.40
228660000,228659999,-0.27
228720000,228719999,-0.45
228780000,228779999,-0.37
228840000,228839999,-0.23
228900000,228900002,2.81
228960000,228959999,-0.62
229020000,229019999,-0.72
229080000,229079999,-0.45
229140000,229139999,-0.31
229200000,229199999,-0.20
229260000,229259999,-0.37
229320000,229319999,-0.13
229380000,229379999,-0.19
229440000,229440000,0.13
229500000,229500000,0.28
229560000,229560006,6.05
229620000,229619998,-1.06
229680000,229679999,-0.82
229740000,229739999,-0.58
229800000,229799999,-0.63
229860000,229859999,-0.29
229920000,229919999,-0.21
229980000,229979999,-0.30
230040000,230039999,-0.10
230100000,230100001,1.23
230160000,230159999,-0.25
230220000,230219999,-0.00
230280000,230279999,-0.31
230340000,230339999,-0.22
230400000,230400000,0.33
230460000,230459999,-0.20
230520000,230520002,2.57
230580000,230579999,-0.39
230640000,230639999,-0.28
230700000,230699999,-0.35
230760000,230760000,0.81
230820000,230819999,-0.29
230880000,230880000,0.22
230940000,230939999,-0.15
231000000,230999999,-0.10
231060000,231059999,-0.06
231120000,231120004,4.67
231180000,231179999,-0.89
231240000,231240004,4.30
231300000,231300001,1.53
231360000,231359998,-1.76
231420000,231419998,-1.33
231480000,231479998,-1.07
231540000,231539999,-0.99
231600000,231599999,-0.58
231660000,231659999,-0.60
231720000,231719999,-0.49
231780000,231779999,-0.42
231840000,231839999,-0.42
231900000,231899999,-0.18
231960000,231959999,-0.08
232020000,232019999,-0.24
232080000,232079999,-0.00
232140000,232139999,-0.10
232200000,232200003,3.49
232260000,232259999,-0.11
232320000,232319999,-0.26
232380000,232379999,-0.36
232440000,232439999,-0.18
232560000,232559996,-3.47
232620000,232619997,-2.60
232680000,232679997,-2.13
232740000,232739998,-1.66
232800000,232799998,-1.29
232860000,232859999,-0.14
232920000,232919999,-0.69
232980000,232979999,-0.59
233040000,233040000,0.45
233100000,233099999,-0.67
233160000,233159999,-0.56
233220000,233220003,3.69
233280000,233279999,-0.88
233340000,233339999,-0.69
233400000,233399999,-0.78
233460000,233459999,-0.55
233520000,233519999,-0.44
233580000,233579999,-0.24
233640000,233639999,-0.22
233700000,233699999,-0.20
233760000,233759999,-0.11
233820000,233820000,0.13
233880000,233880000,0.17
233940000,233940004,4.66
234000000,233999999,-0.70
234060000,234060007,7.05
234120000,234119997,-2.04
234180000,234179998,-1.52
234240000,234239998,-1.19
234300000,234299999,-0.86
234360000,234359999,-0.85
234420000,234419999,-0.67
234480000,234479999,-0.50
234540000,234540005,5.83
234600000,234599998,-1.43
234660000,234659999,-0.97
234720000,234719999,-0.79
234780000,234779999,-0.74
234840000,234839999,-0.51
234900000,234899999,-0.24
234960000,234959999,-0.31
235020000,235020000,0.14
235080000,235080000,0.12
235140000,235139999,-0.21
235200000,235199999,-0.15
235260000,235259999,-0.16
235320000,235320000,0.13
235380000,235380000,0.17
235440000,235439999,-0.03
235500000,235500000,0.16
235560000,235560000,0.49
235620000,235620000,0.10
235680000,235680000,0.16
235740000,235739997,-2.96
235800000,235800005,5.84
235860000,235859999,-0.28
235920000,235920000,0.16
235980000,235979999,-0.59
236040000,236040010,10.27
236100000,236099995,-4.99
236160000,236159995,-4.32
236220000,236219999,-0.46
236280000,236279999,-0.32
236340000,236340000,0.27
236400000,236399996,-3.32
236460000,236460000,0.37
236520000,236519997,-2.76
236580000,236579997,-2.26
236700000,236699997,-2.55
236760000,236759997,-2.05
236820000,236819998,-1.67
236880000,236879995,-4.27
236940000,236939999,-0.20
237000000,236999999,-0.22
237060000,237059996,-3.25
237120000,237120000,0.80
237180000,237180007,7.34
237240000,237239999,-0.56
237300000,237300002,2.07
237360000,237359998,-1.18
237420000,237419999,-0.94
237480000,237479999,-0.78
237540000,237539999,-0.53
237600000,237599999,-0.54
237660000,237659999,-0.32
237720000,237720002,2.78
237780000,237779999,-0.66
237840000,237839996,-3.52
237900000,237899999,-0.02
237960000,237959999,-0.03
238020000,238020000,0.11
238080000,238080000,0.12
238140000,238140000,0.36
238200000,238200000,0.38
238260000,238260005,5.51
238320000,238319999,-0.65
238380000,238379999,-0.88
238440000,238439999,-0.00
238500000,238499999,-0.51
238560000,238559999,-0.50
238620000,238620006,6.16
238680000,238679998,-1.33
238740000,238739998,-1.28
238800000,238799999,-0.93
238860000,238859997,-2.06
238920000,238919999,-0.26
238980000,238979999,-0.10
239040000,239039999,-0.21
239100000,239100004,4.51
239160000,239159999,-0.98
239220000,239219999,-0.60
239280000,239279999,-0.37
239340000,239339999,-0.24
239400000,239400000,0.49
239460000,239459999,-0.22
239520000,239519999,-0.11
239580000,239579999,-0.34
239640000,239639999,-0.08
239700000,239700000,0.39
239760000,239759999,-0.18
239820000,239819999,-0.27
239880000,239880000,0.22
239940000,239940004,4.71
240000000,239999999,-0.96
240060000,240059999,-0.82
240120000,240119999,-0.54
240180000,240179999,-0.58
240240000,240239999,-0.54
240300000,240299999,-0.15
240360000,240359999,-0.17
240420000,240419999,-0.07
240480000,240479999,-0.18
240540000,240539999,-0.07
240600000,240600000,0.11
240660000,240660000,0.39
240720000,240719999,-0.04
240780000,240779999,-0.06
240840000,240840000,0.18
240900000,240900000,0.14
240960000,240960000,0.35
241020000,241020000,0.10
241080000,241080003,3.45
241140000,241139999,-0.32
241200000,241199999,-0.32
241260000,241259999,-0.44
241320000,241319999,-0.16
241380000,241379999,-0.16
241440000,241439999,-0.29
241500000,241499999,-0.05
241560000,241559999,-0.10
241620000,241619999,-0.08
241680000,241680000,0.32
241740000,241740000,0.34
241800000,241800000,0.15
241860000,241860000,0.13
241920000,241920000,0.25
241980000,241980000,0.11
242040000,242039999,-0.08
242100000,242099999,-0.06
242160000,242159999,-0.02
242220000,242220000,0.51
242280000,242279999,-0.05
242340000,242340000,0.27
242400000,242400000,0.18
242460000,242460000,0.09
242520000,242520000,0.40
242580000,242579999,-0.11
242640000,242640000,0.27
242700000,242700001,1.58
242760000,242759999,-0.06
242820000,242820001,1.28
242880000,242879999,-0.20
242940000,242939999,-0.18
243000000,243000006,6.15
243060000,243059998,-1.23
243120000,243119998,-1.06
243180000,243179999,-0.88
243240000,243239999,-0.57
243300000,243299999,-0.63
243360000,243360005,5.05
243420000,243419998,-1.15
243480000,243479999,-0.61
243540000,243539999,-0.87
243600000,243599999,-0.39
243660000,243659999,-0.53
243720000,243720000,0.88
243780000,243779999,-0.50
243840000,243839999,-0.41
243900000,243899999,-0.30
243960000,243960000,0.11
244020000,244019999,-0.23
244080000,244079999,-0.35
244140000,244139999,-0.24
244200000,244199999,-0.17
244260000,244260000,0.14
244320000,244320000,0.44
244380000,244379999,-0.04
244440000,244440000,0.88
244500000,244499999,-0.06
244560000,244559999,-0.02
244620000,244619999,-0.13
244680000,244680000,0.12
244740000,244740000,0.36
244800000,244800000,0.08
244860000,244859999,-0.13
244920000,244920000,0.17
244980000,244980000,0.31
245040000,245039999,-0.10
245100000,245100000,0.27
245160000,245160008,8.08
245220000,245219998,-1.35
245280000,245279998,-1.24
245340000,245339999,-0.69
245400000,245399999,-0.82
245460000,245459999,-0.41
245520000,245519999,-0.35
245580000,245579999,-0.25
245640000,245639999,-0.20
245700000,245699999,-0.30
245760000,245760007,7.06
245820000,245819998,-1.32
245880000,245879998,-1.01
245940000,245939999,-0.51
246000000,245999999,-0.87
246060000,246059999,-0.68
246120000,246119999,-0.40
246180000,246179999,-0.25
246240000,246239999,-0.12
246300000,246299999,-0.25
246360000,246359999,-0.22
246420000,246420000,0.13
246480000,246480000,0.08
246540000,246540000,0.26
246600000,246600000,0.35
246660000,246660000,0.45
246720000,246720004,4.24
246780000,246779999,-0.75
246840000,246839999,-0.57
246900000,246899998,-1.66
246960000,246959999,-0.10
247020000,247019999,-0.07
247080000,247080006,6.51
247140000,247140004,4.76
247200000,247199997,-2.20
247260000,247259998,-1.68
247320000,247319998,-1.37
247380000,247379999,-0.18
247440000,247439999,-0.84
247500000,247499999,-0.71
247560000,247559999,-0.56
247620000,247619999,-0.47
247680000,247679999,-0.28
247740000,247739999,-0.29
247800000,247799999,-0.09
247860000,247859999,-0.02
247920000,247920000,0.12
247980000,247979999,-0.19
248040000,248040000,0.16
248100000,248100000,0.14
248160000,248159999,-0.20
248220000,248219999,-0.08
248280000,248279999,-0.21
248340000,248339999,-0.14
248400000,248400000,0.16
248460000,248459999,-0.13
248520000,248520004,4.45
248580000,248579999,-0.72
248640000,248640005,5.62
248700000,248699998,-1.57
248760000,248759998,-1.10
248820000,248819998,-1.06
248880000,248879999,-0.73
248940000,248939999,-0.71
249000000,248999999,-0.53
249060000,249059999,-0.21
249120000,249120006,6.43
249180000,249179998,-1.50
249240000,249239998,-1.20
249300000,249299999,-0.76
249360000,249359999,-0.50
249420000,249419996,-3.64
249480000,249480000,0.52
249540000,249539999,-0.02
249600000,249600000,0.24
249660000,249660000,0.86
249720000,249719999,-0.10
249780000,249780000,0.28
249840000,249840000,0.13
249900000,249899999,-0.01
249960000,249959999,-0.08
250020000,250020000,0.15
250080000,250080000,0.60
250140000,250140000,0.57
250200000,250200003,3.51
250260000,250259999,-0.42
250320000,250319999,-0.53
250380000,250379999,-0.36
250440000,250439999,-0.26
250500000,250499999,-0.22
250560000,250560001,1.53
250620000,250619999,-0.58
250680000,250679999,-0.30
250740000,250739999,-0.24
250800000,250800002,2.40
250860000,250859999,-0.59
250920000,250919999,-0.36
250980000,250979999,-0.22
251040000,251039999,-0.30
251100000,251099999,-0.20
251160000,251159999,-0.13
251220000,251219999,-0.01
251280000,251280000,0.15
251340000,251339999,-0.10
251400000,251400000,0.14
251460000,251460000,0.40
251520000,251520000,0.12
251580000,251580000,0.40
251640000,251639999,-0.06
251700000,251700000,0.15
251760000,251760000,0.10
251820000,251820002,2.89
251880000,251879999,-0.23
251940000,251940004,4.74
252000000,251999998,-1.37
252060000,252059999,-0.96
252120000,252119999,-0.77
252180000,252179998,-1.95
252240000,252239999,-0.11
252300000,252300002,2.24
252360000,252360000,0.65
252420000,252419999,-0.63
252480000,252479999,-0.45
252540000,252539999,-0.39
252600000,252599999,-0.38
252660000,252659999,-0.15
252720000,252719999,-0.34
252780000,252779999,-0.15
252840000,252839999,-0.06
252900000,252899999,-0.01
252960000,252959999,-0.03
253020000,253019999,-0.10
253080000,253080000,0.12
253140000,253140000,0.46
253200000,253200000,0.10
253260000,253260000,0.31
253320000,253320000,0.10
253380000,253380002,2.66
253440000,253439999,-0.47
253500000,253499999,-0.19
253560000,253559999,-0.23
253620000,253619999,-0.08
253680000,253679999,-0.05
253740000,253740000,0.46
253800000,253800000,0.87
253860000,253860000,0.57
253920000,253919999,-0.48
253980000,253979999,-0.34
254040000,254039999,-0.25
254100000,254100000,0.16
254160000,254159999,-0.15
254220000,254219999,-0.12
254280000,254280000,0.19
254340000,254340000,0.82
254400000,254399999,-0.18
254460000,254460002,2.23
254520000,254519999,-0.37
254580000,254579999,-0.28
254640000,254639999,-0.33
254700000,254699999,-0.23
254760000,254759999,-0.18
254820000,254820000,0.09
254880000,254880000,0.12
254940000,254940000,0.13
255000000,254999999,-0.05
255060000,255059999,-0.03
255120000,255120000,0.50
255180000,255180000,0.10
255240000,255240000,0.45
255300000,255300000,0.20
255360000,255359999,-0.13
255420000,255420000,0.11
255480000,255480000,0.38
255540000,255539999,-0.05
255600000,255600006,6.40
255660000,255659999,-0.63
255720000,255719999,-0.87
255780000,255779999,-0.88
255840000,255839999,-0.72
255900000,255900005,5.77
255960000,255959998,-1.47
256020000,256020006,6.18
256080000,256079997,-2.17
256140000,256139998,-1.87
256200000,256199998,-1.62
256260000,256259998,-1.29
256320000,256319998,-1.09
256380000,256380004,4.19
256440000,256439999,-0.92
256500000,256499998,-1.44
256560000,256560001,1.88
256620000,256619998,-1.28
256680000,256679998,-1.16
256740000,256740000,0.71
256800000,256800000,0.16
256860000,256859999,-0.78
256920000,256920006,6.90
256980000,256979998,-1.89
257040000,257039998,-1.36
257100000,257099998,-1.34
257160000,257159999,-0.78
257220000,257220001,1.99
257280000,257279999,-0.53
257340000,257339999,-0.88
257400000,257399999,-0.33
257460000,257459999,-0.70
257520000,257519999,-0.63
257580000,257579999,-0.48
257640000,257639999,-0.25
257700000,257699999,-0.34
257760000,257759999,-0.19
257820000,257819999,-0.12
257880000,257879999,-0.07
257940000,257940000,0.21
258000000,257999999,-0.08
258060000,258059999,-0.05
258120000,258120001,1.20
258180000,258180000,0.27
258240000,258240000,0.35
258300000,258300000,0.54
258360000,258359999,-0.04
258420000,258419999,-0.02
258480000,258479999,-0.20
258540000,258540002,2.18
258600000,258599999,-0.37
258660000,258659999,-0.14
258720000,258719999,-0.13
258780000,258779999,-0.32
258840000,258839999,-0.19
258900000,258899999,-0.13
258960000,258960000,0.40
259020000,259019999,-0.16
259080000,259080004,4.71
259140000,259139999,-0.52
259200000,259199999,-0.73
259260000,259259999,-0.43
259320000,259319999,-0.30
259380000,259379999,-0.21
259440000,259439999,-0.29
259500000,259499999,-0.09
259560000,259559999,-0.25
259620000,259620001,1.71
259680000,259679999,-0.30
259740000,259739999,-0.13
259800000,259799999,-0.25
259860000,259859999,-0.18
259920000,259920000,0.94
259980000,259979999,-0.10
260040000,260039999,-0.05
260100000,260099999,-0.20
260160000,260160007,7.02
260220000,260219997,-2.68
260280000,260279999,-0.74
260340000,260340004,4.40
260400000,260399998,-1.55
260460000,260459998,-1.43
260520000,260519999,-0.78
260580000,260579999,-0.70
260640000,260639999,-0.55
260700000,260699999,-0.49
260760000,260759999,-0.40
260820000,260819999,-0.35
260880000,260880000,0.11
260940000,260940000,0.59
261060000,261059995,-4.06
261120000,261119996,-3.30
261180000,261179997,-2.70
261240000,261239997,-2.30
261300000,261299998,-1.58
261360000,261359998,-1.31
261420000,261419998,-1.13
261480000,261479999,-0.76
261540000,261539999,-0.76
261600000,261599999,-0.43
261660000,261659999,-0.22
261720000,261719999,-0.31
261780000,261779999,-0.35
261840000,261839999,-0.22
261900000,261900002,2.30
261960000,261959999,-0.37
262020000,262019999,-0.20
262080000,262080000,0.47
262140000,262139999,-0.31
262200000,262199999,-0.30
262260000,262259999,-0.23
262320000,262319999,-0.19
262380000,262379999,-0.12
262440000,262439999,-0.03
262500000,262500000,0.34
262560000,262560000,0.19
262620000,262620000,0.17
262680000,262680007,7.10
262740000,262739998,-1.19
262800000,262800000,0.46
262860000,262859998,-1.06
262920000,262919999,-0.85
262980000,262979999,-0.45
263040000,263040001,1.58
263100000,263099999,-0.58
263160000,263159999,-0.32
263220000,263219999,-0.43
263280000,263279999,-0.13
263340000,263339999,-0.26
263400000,263399999,-0.01
263460000,263459999,-0.10
263520000,263519999,-0.10
263580000,263580000,0.17
263640000,263639999,-0.05
263700000,263699999,-0.03
263760000,263760004,4.76
263820000,263819999,-0.79
263880000,263879999,-0.50
263940000,263940005,5.26
264000000,263999998,-1.35
264060000,264059998,-1.07
264120000,264119998,-1.05
264180000,264179999,-0.56
264240000,264240004,4.10
264300000,264299998,-1.20
264360000,264359999,-0.93
264420000,264419999,-0.99
264480000,264479999,-0.50
264540000,264539999,-0.42
264600000,264599999,-0.31
264660000,264660003,3.62
264720000,264719998,-1.03
264780000,264779999,-0.95
264840000,264839999,-0.77
264900000,264899999,-0.47
264960000,264959999,-0.25
265020000,265020004,4.48
265080000,265079999,-0.84
265140000,265139999,-0.84
265200000,265199999,-0.85
265260000,265259999,-0.64
265320000,265319999,-0.43
265380000,265380001,1.04
265440000,265439999,-0.34
265500000,265499999,-0.16
265560000,265559999,-0.28
265620000,265619999,-0.09
265680000,265679999,-0.23
265740000,265740000,0.20
265800000,265799999,-0.12
265860000,265860000,0.10
265920000,265920000,0.28
265980000,265979999,-0.01
266040000,266040006,6.51
266100000,266099998,-1.20
266160000,266159999,-0.71
266220000,266219999,-0.85
266280000,266279999,-0.52
266340000,266339999,-0.30
266400000,266399999,-0.25
266460000,266459999,-0.30
266520000,266519999,-0.11
266580000,266579999,-0.07
266640000,266639999,-0.18
266700000,266700000,0.11
266760000,266760000,0.48
266820000,266820006,6.26
266880000,266879998,-1.23
266940000,266939999,-0.87
267000000,266999999,-0.90
267060000,267059999,-0.39
267120000,267119999,-0.36
267180000,267179999,-0.49
267240000,267239999,-0.28
267300000,267299999,-0.26
267360000,267360001,1.79
267420000,267419999,-0.28
267480000,267480010,10.13
267540000,267539997,-2.21
267600000,267599998,-1.89
267660000,267660000,0.47
267720000,267719998,-1.40
267780000,267779998,-1.04
267840000,267839999,-0.83
267900000,267899999,-0.77
267960000,267959999,-0.59
268020000,268019999,-0.40
268080000,268080000,0.17
268140000,268140000,0.33
268200000,268199999,-0.14
268260000,268259999,-0.11
268320000,268319999,-0.07
268380000,268379999,-0.09
268440000,268439999,-0.04
268500000,268499999,-0.22
268560000,268559999,-0.14
268620000,268619999,-0.08
268680000,268679999,-0.05
268740000,268739999,-0.04
268800000,268800000,0.42
268860000,268860000,0.32
268920000,268919999,-0.10
268980000,268980000,0.81
269040000,269039999,-0.29
269100000,269100000,0.10
269160000,269160004,4.87
269220000,269219999,-0.78
269280000,269279999,-0.64
269340000,269339999,-0.44
269400000,269399999,-0.21
269460000,269459999,-0.43
269520000,269519999,-0.39
269580000,269580000,0.66
269640000,269639999,-0.26
269700000,269699999,-0.30
269760000,269759999,-0.06
269820000,269820000,0.18
269880000,269880002,2.55
269940000,269940002,2.69
270000000,270000001,1.93
270060000,270059998,-1.13
270120000,270119999,-0.39
270180000,270179999,-0.72
270240000,270239999,-0.59
270300000,270299999,-0.44
270360000,270359999,-0.40
270420000,270419999,-0.18
270480000,270479999,-0.13
270540000,270540001,1.63
270600000,270599999,-0.48
270660000,270659999,-0.35
270720000,270719999,-0.27
270780000,270779999,-0.23
270840000,270840001,1.85
270900000,270899999,-0.19
270960000,270959999,-0.39
271020000,271019999,-0.29
271080000,271080000,0.87
271140000,271140000,0.65
271200000,271199998,-1.60
271260000,271260000,0.14
271320000,271320000,0.14
271380000,271379999,-0.04
271440000,271440001,1.07
271500000,271500000,0.18
271560000,271559999,-0.23
271620000,271620001,1.20
271680000,271680000,0.16
271740000,271739998,-1.13
271800000,271800000,0.27
271860000,271860001,1.98
271920000,271919999,-0.32
271980000,271979999,-0.15
272040000,272039999,-0.25
272100000,272100002,2.90
272160000,272159999,-0.37
272220000,272219999,-0.32
272280000,272279999,-0.21
272340000,272339999,-0.23
272400000,272399999,-0.31
272460000,272460005,5.24
272520000,272519998,-1.01
272580000,272579999,-0.87
272640000,272639999,-0.81
272700000,272699999,-0.64
272760000,272759999,-0.64
272820000,272819999,-0.23
272880000,272879999,-0.40
272940000,272939999,-0.13
273000000,272999999,-0.20
273060000,273059999,-0.18
273120000,273119999,-0.08
273180000,273180000,0.38
273240000,273239999,-0.12
273300000,273300000,0.42
273360000,273359999,-0.13
273420000,273419999,-0.02
273480000,273479999,-0.01
273540000,273540000,0.19
273600000,273600000,0.19
273660000,273659999,-0.03
273720000,273720001,1.53
273780000,273779999,-0.02
273840000,273839999,-0.01
273900000,273899999,-0.11
273960000,273959999,-0.08
274020000,274019999,-0.05
274080000,274080000,0.13
