timestamp_ms,cpu_percent,memory_mb
1759277280000,0.00,7.71
1759277340000,0.58,8.15
1759277400000,1.04,8.18
1759277460000,0.68,8.19
1759277520000,0.44,8.20
1759277580000,0.90,8.21
1759277640000,0.48,8.22
1759277700000,0.91,8.24
1759277760000,0.73,8.26
1759277820000,0.80,8.28
1759277880000,0.56,8.29
1759277940000,0.62,8.29
1759278000000,0.81,8.30
1759278060000,0.79,8.32
1759278120000,0.69,8.34
1759278180000,1.39,8.38
1759278240000,0.71,8.39
1759278300000,0.52,8.39
1759278360000,0.60,8.41
1759278420000,0.55,8.42
1759278480000,0.53,8.43
1759278540000,1.07,8.45
1759278600000,0.64,8.46
1759278660000,1.11,8.49
1759278720000,0.71,8.50
1759278780000,0.78,8.52
1759278840000,0.77,8.54
1759278900000,0.82,8.55
1759278960000,0.63,8.55
1759279020000,0.64,8.57
1759279080000,0.52,8.57
1759279140000,0.83,8.59
1759279200000,0.49,8.60
1759279260000,0.62,8.61
1759279320000,1.21,8.65
1759279380000,0.63,8.66
1759279440000,0.46,8.66
1759279500000,0.75,8.68
1759279560000,0.62,8.69
1759279620000,1.00,8.72
1759279680000,0.56,8.73
1759279740000,0.50,8.74
1759279800000,0.81,8.75
1759279860000,0.72,8.76
1759279920000,0.66,8.78
1759279980000,0.49,8.79
1759280040000,1.47,8.81
1759280100000,0.79,8.82
1759280160000,0.60,8.84
1759280220000,0.53,8.85
1759280280000,0.47,8.86
1759280340000,0.67,8.87
1759280400000,1.29,8.90
1759280460000,0.59,8.91
1759280520000,0.50,8.92
1759280580000,0.75,8.93
1759280640000,0.59,8.95
1759280700000,0.69,8.96
1759280760000,0.88,8.98
1759280820000,0.78,8.99
1759280880000,0.46,9.00
1759280940000,0.80,9.02
1759281000000,1.89,9.07
1759281060000,0.85,9.07
1759281120000,0.53,9.08
1759281180000,0.47,9.09
1759281240000,0.53,9.11
1759281300000,0.60,9.12
1759281360000,1.39,9.15
1759281420000,0.69,9.16
1759281480000,1.00,9.18
1759281540000,1.02,9.21
1759281600000,0.88,9.22
1759281660000,0.89,9.23
1759281720000,0.89,9.25
1759281780000,0.96,9.27
1759281840000,1.01,9.29
1759281900000,0.83,9.30
1759281960000,0.71,9.32
1759282020000,0.68,9.33
1759282080000,0.66,9.34
1759282140000,1.10,9.37
1759282200000,0.64,9.39
1759282260000,0.62,9.40
1759282320000,0.47,9.40
1759282380000,0.37,9.41
1759282440000,0.78,9.42
1759282500000,0.99,9.44
1759282560000,0.71,9.45
1759282620000,0.87,9.47
1759282680000,0.55,9.48
1759282740000,0.80,9.50
1759282800000,0.94,9.51
1759282860000,0.73,9.53
1759282920000,1.02,9.55
1759282980000,0.95,9.57
1759283040000,1.26,9.61
1759283100000,1.07,9.62
1759283160000,1.90,9.66
1759283220000,1.01,9.68
1759283280000,0.80,9.69
1759283340000,0.89,9.71
1759283400000,0.69,9.71
1759283460000,0.92,9.72
1759283520000,1.38,9.75
1759283580000,0.74,9.76
1759283640000,0.94,9.77
1759283700000,1.34,9.77
1759283760000,1.40,9.79
1759283820000,0.57,9.79
1759283880000,0.56,9.80
1759283940000,0.58,9.80
1759284000000,1.51,9.84
1759284060000,0.68,9.84
1759284120000,1.73,9.86
1759284180000,1.47,9.86
1759284240000,1.04,9.87
1759284300000,1.26,9.88
1759284360000,1.11,9.88
1759284420000,0.71,9.88
1759284480000,0.73,9.89
1759284540000,0.62,9.89
1759284600000,1.55,9.90
1759284660000,0.86,9.91
1759284720000,0.89,9.92
1759284780000,1.13,9.92
1759284840000,0.54,9.92
1759284900000,0.57,9.93
1759284960000,0.83,9.93
1759285020000,0.71,9.94
1759285080000,0.57,9.94
1759285140000,1.79,9.94
1759285200000,0.83,9.95
1759285260000,0.69,9.95
1759285320000,0.83,9.95
1759285380000,0.52,9.96
1759285440000,0.63,9.96
1759285500000,0.53,9.96
1759285560000,0.63,9.97
1759285620000,0.73,9.97
1759285680000,0.64,9.98
1759285740000,0.56,9.98
1759285800000,1.01,9.99
1759285860000,1.14,10.00
1759285920000,0.68,10.00
1759285980000,0.70,10.01
1759286040000,0.46,10.01
1759286100000,0.71,10.01
1759286160000,0.81,10.01
1759286220000,0.42,10.02
1759286280000,0.43,10.02
1759286340000,0.48,10.02
1759286400000,1.36,10.03
1759286460000,0.58,10.03
1759286520000,0.50,10.04
1759286580000,0.38,10.04
1759286640000,0.52,10.04
1759286700000,1.03,10.05
1759286760000,0.61,10.05
1759286820000,0.67,10.06
1759286880000,0.75,10.07
1759286940000,0.78,10.07
1759287000000,1.12,10.07
1759287060000,0.86,10.08
1759287120000,0.66,10.09
1759287180000,1.01,10.09
1759287240000,1.37,10.10
1759287300000,1.08,10.11
1759287360000,0.80,10.11
1759287420000,1.09,10.13
1759287480000,0.86,10.13
1759287540000,0.63,10.14
1759287600000,1.17,10.14
1759287660000,0.62,10.15
1759287720000,1.19,10.15
1759287780000,1.30,10.16
1759287840000,0.82,10.16
1759287900000,0.66,10.16
1759287960000,1.10,10.18
1759288020000,0.45,10.18
1759288080000,0.85,10.19
1759288140000,0.49,10.19
1759288200000,0.93,10.20
1759288260000,0.68,10.20
1759288320000,0.44,10.21
1759288380000,0.63,10.21
1759288440000,0.71,10.22
1759288500000,1.40,10.23
1759288560000,0.79,10.23
1759288620000,0.84,10.24
1759288680000,1.23,10.25
1759288740000,0.67,10.26
1759288800000,1.05,10.27
1759288860000,0.96,10.28
1759288920000,1.39,10.29
1759288980000,1.27,10.29
1759289040000,0.82,10.30
1759289100000,1.01,10.32
1759289160000,0.61,10.32
1759289220000,0.83,10.33
1759289280000,1.30,10.34
1759289340000,1.21,10.34
1759289400000,0.90,10.35
1759289460000,1.73,10.35
1759289520000,0.97,10.36
1759289580000,0.72,10.36
1759289640000,0.78,10.36
1759289700000,0.71,10.36
1759289760000,0.57,10.36
1759289820000,0.83,10.36
1759289880000,0.76,10.37
1759289940000,0.67,10.37
1759290000000,0.74,10.37
1759290060000,0.78,10.38
1759290120000,0.99,10.39
1759290180000,1.32,10.39
1759290240000,0.71,10.39
1759290300000,2.02,10.39
1759290360000,0.89,10.40
1759290420000,0.96,10.41
1759290480000,1.42,10.41
1759290540000,1.39,10.42
1759290600000,1.42,10.42
1759290660000,1.19,10.43
1759290720000,1.57,10.43
1759290780000,0.99,10.44
1759290840000,1.73,10.44
1759290900000,0.80,10.45
1759290960000,0.62,10.45
1759291020000,0.68,10.45
1759291080000,0.74,10.46
1759291140000,1.25,10.46
1759291200000,3.00,10.47
1759291260000,1.39,10.48
1759291320000,1.19,10.48
1759291380000,0.98,10.49
1759291440000,0.54,10.49
1759291500000,2.04,10.51
1759291560000,0.89,10.51
1759291620000,0.70,10.52
1759291680000,0.89,10.52
1759291740000,1.22,10.53
1759291800000,1.33,10.54
1759291860000,0.70,10.55
1759291920000,0.58,10.55
1759291980000,0.78,10.55
1759292040000,0.79,10.56
1759292100000,1.19,10.56
1759292160000,0.64,10.56
1759292220000,0.47,10.57
1759292280000,1.36,10.57
1759292340000,1.49,10.59
1759292400000,1.45,10.59
1759292460000,1.21,10.61
1759292520000,1.09,10.61
1759292580000,1.08,10.61
1759292640000,0.65,10.62
1759292700000,0.75,10.62
1759292760000,0.50,10.62
1759292820000,0.60,10.62
1759292880000,0.42,10.62
1759292940000,0.90,10.62
1759293000000,1.75,10.63
1759293060000,0.86,10.64
1759293120000,1.34,10.64
1759293180000,1.34,10.65
1759293240000,1.14,10.65
1759293300000,0.70,10.66
1759293360000,0.62,10.66
1759293420000,0.91,10.66
1759293480000,0.51,10.66
1759293540000,0.55,10.67
1759293600000,0.58,10.67
1759293660000,0.63,10.67
1759293720000,0.51,10.67
1759293780000,0.74,10.68
1759293840000,0.57,10.68
1759293900000,0.55,10.68
1759293960000,0.43,10.68
1759294020000,0.64,10.68
1759294080000,0.59,10.70
1759294140000,0.93,10.70
1759294200000,0.85,10.70
1759294260000,0.65,10.70
1759294320000,0.60,10.70
1759294380000,1.60,10.71
1759294440000,0.72,10.71
1759294500000,0.50,10.71
1759294560000,0.69,10.72
1759294620000,0.64,10.72
1759294680000,0.61,10.72
1759294740000,0.42,10.72
1759294800000,1.17,10.73
1759294860000,0.84,10.73
1759294920000,0.81,10.73
1759294980000,0.64,10.74
1759295040000,0.67,10.75
1759295100000,0.58,10.75
1759295160000,0.48,10.75
1759295220000,1.16,10.75
1759295280000,0.69,10.76
1759295340000,0.94,10.76
1759295400000,0.74,10.77
1759295460000,1.68,10.77
1759295520000,1.17,10.78
1759295580000,0.83,10.79
1759295640000,0.71,10.79
1759295700000,0.85,10.79
1759295760000,0.51,10.80
1759295820000,0.55,10.80
1759295880000,0.83,10.80
1759295940000,0.75,10.80
1759296000000,0.71,10.81
1759296060000,1.00,10.81
1759296120000,0.68,10.81
1759296180000,0.74,10.82
1759296240000,0.51,10.82
1759296300000,0.56,10.82
1759296360000,0.71,10.83
1759296420000,0.55,10.83
1759296480000,0.50,10.83
1759296540000,0.37,10.83
1759296600000,0.58,10.83
1759296660000,0.58,10.83
1759296720000,0.68,10.84
1759296780000,0.62,10.84
1759296840000,0.63,10.84
1759296900000,0.71,10.85
1759296960000,0.51,10.85
1759297020000,0.45,10.85
1759297080000,0.39,10.86
1759297140000,0.54,10.86
1759297200000,0.46,10.86
1759297260000,0.75,10.86
1759297320000,0.41,10.86
1759297380000,0.48,10.86
1759297440000,0.33,10.87
1759297500000,0.50,10.87
1759297560000,0.37,10.87
1759297620000,0.33,10.87
1759297680000,0.46,10.88
1759297740000,0.46,10.88
1759297800000,0.60,10.88
1759297860000,0.63,10.88
1759297920000,0.42,10.88
1759297980000,0.56,10.88
1759298040000,0.52,10.88
1759298100000,0.42,10.88
1759298160000,0.64,10.89
1759298220000,0.47,10.89
1759298280000,0.56,10.89
1759298340000,0.55,10.89
1759298400000,1.49,10.90
1759298460000,0.94,10.91
1759298520000,0.60,10.91
1759298580000,0.72,10.91
1759298640000,0.89,10.91
1759298700000,0.50,10.91
1759298760000,0.66,10.92
1759298820000,0.49,10.92
1759298880000,0.83,10.92
1759298940000,1.11,10.93
1759299000000,1.20,10.93
1759299060000,0.45,10.93
1759299120000,0.41,10.94
1759299180000,0.55,10.94
1759299240000,0.36,10.94
1759299300000,0.74,10.94
1759299360000,0.44,10.95
1759299420000,0.94,10.95
1759299480000,0.89,10.96
1759299540000,0.70,10.96
1759299600000,1.19,10.96
1759299660000,0.66,10.96
1759299720000,1.00,10.97
1759299780000,1.80,10.98
1759299840000,0.87,10.98
1759299900000,0.67,10.98
1759299960000,0.78,10.99
1759300020000,0.76,10.99
1759300080000,0.59,10.99
1759300140000,0.53,10.99
1759300200000,0.98,11.00
1759300260000,0.82,11.01
1759300320000,0.59,11.01
1759300380000,0.49,11.01
1759300440000,0.48,11.01
1759300500000,0.56,11.02
1759300560000,0.61,11.02
1759300620000,0.51,11.02
1759300680000,0.48,11.02
1759300740000,0.48,11.02
1759300800000,0.92,11.03
1759300860000,0.80,11.04
1759300920000,0.78,11.04
1759300980000,0.57,11.04
1759301040000,0.57,11.04
1759301100000,0.86,11.04
1759301160000,1.11,11.05
1759301220000,1.39,11.05
1759301280000,0.66,11.05
1759301340000,0.57,11.06
1759301400000,0.83,11.07
1759301460000,1.05,11.07
1759301520000,0.73,11.08
1759301580000,0.57,11.08
1759301640000,0.70,11.08
1759301700000,0.89,11.09
1759301760000,0.65,11.09
1759301820000,0.50,11.09
1759301880000,0.54,11.09
1759301940000,0.52,11.10
1759302000000,2.12,11.11
1759302060000,1.19,11.12
1759302120000,0.80,11.12
1759302180000,0.82,11.12
1759302240000,0.96,11.12
1759302300000,0.89,11.12
1759302360000,0.97,11.12
1759302420000,0.78,11.12
1759302480000,0.68,11.13
1759302540000,0.69,11.13
1759302600000,0.86,11.13
1759302660000,0.65,11.14
1759302720000,0.75,11.14
1759302780000,0.87,11.14
1759302840000,0.61,11.14
1759302900000,1.22,11.14
1759302960000,1.51,11.15
1759303020000,1.35,11.16
1759303080000,1.16,11.16
1759303140000,0.81,11.16
1759303200000,0.89,11.16
1759303260000,1.02,11.16
1759303320000,0.83,11.16
1759303380000,0.59,11.16
1759303440000,0.79,11.16
1759303500000,0.77,11.16
1759303560000,0.62,11.16
1759303620000,0.80,11.16
1759303680000,0.99,11.16
1759303740000,0.60,11.16
1759303800000,0.95,11.16
1759303860000,1.41,11.17
1759303920000,1.29,11.17
1759303980000,1.01,11.17
1759304040000,0.69,11.17
1759304100000,1.06,11.17
1759304160000,0.72,11.17
1759304220000,0.81,11.17
1759304280000,0.75,11.17
1759304340000,0.59,11.17
1759304400000,0.83,11.17
1759304460000,0.58,11.17
1759304520000,1.07,11.17
1759304580000,0.83,11.18
1759304640000,0.82,11.18
1759304700000,1.26,11.18
1759304760000,1.42,11.18
1759304820000,1.10,11.18
1759304880000,0.74,11.18
1759304940000,0.58,11.18
1759305000000,0.60,11.18
1759305060000,0.91,11.18
1759305120000,0.83,11.18
1759305180000,0.59,11.18
1759305240000,0.76,11.18
1759305300000,0.79,11.18
1759305360000,0.92,11.18
1759305420000,0.61,11.18
1759305480000,0.74,11.18
1759305540000,0.64,11.19
1759305600000,1.30,11.19
1759305660000,0.87,11.19
1759305720000,0.85,11.19
1759305780000,0.71,11.19
1759305840000,0.56,11.19
1759305900000,0.62,11.19
1759305960000,0.73,11.19
1759306020000,0.54,11.19
1759306080000,0.65,11.20
1759306140000,1.39,11.20
1759306200000,1.26,11.20
1759306260000,0.68,11.20
1759306320000,0.64,11.20
1759306380000,0.85,11.20
1759306440000,0.69,11.20
1759306500000,0.81,11.20
1759306560000,0.68,11.20
1759306620000,0.62,11.21
1759306680000,0.88,11.21
1759306740000,1.27,11.21
1759306800000,3.41,11.21
1759306860000,2.55,11.21
1759306920000,1.33,11.22
1759306980000,1.24,11.22
1759307040000,0.91,11.22
1759307100000,1.37,11.22
1759307160000,0.97,11.22
1759307220000,2.53,11.22
1759307280000,3.13,11.23
1759307340000,2.34,11.23
1759307400000,5.57,11.24
1759307460000,7.16,11.25
1759307520000,3.80,11.26
1759307580000,2.40,11.26
1759307640000,2.25,11.26
1759307700000,4.59,11.27
1759307760000,5.04,11.28
1759307820000,2.05,11.29
1759307880000,2.59,11.29
1759307940000,4.82,11.29
1759308000000,3.39,11.30
1759308060000,6.56,11.31
1759308120000,5.68,11.32
1759308180000,3.57,11.33
1759308240000,7.38,11.34
1759308300000,7.92,11.36
1759308360000,7.40,11.37
1759308420000,3.80,11.38
1759308480000,5.76,11.38
1759308540000,4.32,11.39
1759308600000,17.28,11.43
1759308660000,7.86,11.44
1759308720000,6.52,11.45
1759308780000,5.55,11.46
1759308840000,5.39,11.46
1759308900000,3.15,11.47
1759308960000,2.82,11.48
1759309020000,3.06,11.48
1759309080000,2.97,11.48
1759309140000,2.22,11.50
1759309200000,3.95,11.50
1759309260000,2.73,11.50
1759309320000,2.73,11.51
1759309380000,3.06,11.51
1759309440000,3.13,11.52
1759309500000,2.46,11.53
1759309560000,2.67,11.54
1759309620000,3.55,11.54
1759309680000,2.51,11.55
1759309740000,2.63,11.55
1759309800000,3.71,11.57
1759309860000,2.52,11.57
1759309920000,2.41,11.58
1759309980000,2.67,11.58
1759310040000,2.10,11.59
1759310100000,1.52,11.59
1759310160000,1.90,11.59
1759310220000,1.94,11.60
1759310280000,1.49,11.60
1759310340000,2.64,11.61
1759310400000,2.26,11.62
1759310460000,2.28,11.62
1759310520000,1.67,11.62
1759310580000,1.48,11.62
1759310640000,1.03,11.62
1759310700000,1.62,11.63
1759310760000,2.14,11.63
1759310820000,1.90,11.64
1759310880000,2.14,11.64
1759310940000,2.18,11.65
1759311000000,3.77,11.65
1759311060000,2.19,11.66
1759311120000,2.05,11.66
1759311180000,1.96,11.66
1759311240000,3.26,11.68
1759311300000,2.53,11.69
1759311360000,1.84,11.69
1759311420000,2.26,11.69
1759311480000,2.08,11.70
1759311540000,2.71,11.70
1759311600000,2.68,11.72
1759311660000,2.50,11.72
1759311720000,1.44,11.73
1759311780000,1.25,11.73
1759311840000,1.84,11.73
1759311900000,2.20,11.73
1759311960000,1.33,11.74
1759312020000,1.25,11.75
1759312080000,2.04,11.75
1759312140000,1.46,11.75
1759312200000,1.21,11.76
1759312260000,1.12,11.76
1759312320000,0.87,11.76
1759312380000,0.91,11.76
1759312440000,1.13,11.76
1759312500000,1.87,11.77
1759312560000,1.50,11.77
1759312620000,1.17,11.77
1759312680000,0.96,11.77
1759312740000,0.93,11.77
1759312800000,1.81,11.77
1759312860000,1.40,11.78
1759312920000,2.60,11.78
1759312980000,1.46,11.79
1759313040000,1.46,11.79
1759313100000,0.90,11.79
1759313160000,1.61,11.79
1759313220000,1.50,11.80
1759313280000,1.64,11.80
1759313340000,1.70,11.80
1759313400000,1.47,11.80
1759313460000,2.37,11.80
1759313520000,1.82,11.80
1759313580000,1.89,11.80
1759313640000,2.11,11.81
1759313700000,1.70,11.81
1759313760000,1.03,11.81
1759313820000,1.12,11.81
1759313880000,0.98,11.81
1759313940000,0.69,11.81
1759314000000,0.73,11.81
1759314060000,0.65,11.81
1759314120000,0.58,11.81
1759314180000,0.77,11.81
1759314240000,0.77,11.81
1759314300000,1.09,11.81
1759314360000,0.90,11.81
1759314420000,0.88,11.81
1759314480000,0.97,11.81
1759314540000,0.77,11.81
1759314600000,1.78,11.81
1759314660000,1.14,11.81
1759314720000,0.83,11.81
1759314780000,1.16,11.82
1759314840000,0.68,11.82
1759314900000,0.71,11.82
1759314960000,1.08,11.82
1759315020000,0.86,11.82
1759315080000,1.03,11.82
1759315140000,1.22,11.82
1759315200000,0.73,11.82
1759315260000,0.95,11.82
1759315320000,0.50,11.82
1759315380000,0.57,11.82
1759315440000,1.12,11.82
1759315500000,1.21,11.82
1759315560000,1.33,11.82
1759315620000,1.14,11.82
1759315680000,0.74,11.82
1759315740000,1.12,11.82
1759315800000,1.46,11.82
1759315860000,0.94,11.82
1759315920000,0.82,11.82
1759315980000,0.62,11.82
1759316040000,1.24,11.82
1759316100000,0.89,11.82
1759316160000,0.80,11.82
1759316220000,0.69,11.82
1759316280000,1.05,11.82
1759316340000,0.66,11.82
1759316400000,1.36,11.82
1759316460000,0.84,11.82
1759316520000,0.83,11.82
1759316580000,0.59,11.83
1759316640000,1.01,11.83
1759316700000,0.89,11.83
1759316760000,0.90,11.83
1759316820000,0.98,11.83
1759316880000,2.33,11.83
1759316940000,2.46,11.83
1759317000000,1.31,11.83
1759317060000,0.75,11.83
1759317120000,1.21,11.83
1759317180000,1.14,11.83
1759317240000,1.20,11.83
1759317300000,0.99,11.83
1759317360000,0.84,11.83
1759317420000,1.00,11.83
1759317480000,0.81,11.83
1759317540000,0.70,11.83
1759317600000,0.72,11.83
1759317660000,1.07,11.83
1759317720000,1.48,11.83
1759317780000,1.08,11.83
1759317840000,0.78,11.83
1759317900000,0.90,11.83
1759317960000,0.82,11.83
1759318020000,0.59,11.83
1759318080000,0.64,11.83
1759318140000,0.60,11.83
1759318200000,0.62,11.83
1759318260000,1.14,11.83
1759318320000,1.77,11.83
1759318380000,1.03,11.83
1759318440000,0.91,11.83
1759318500000,0.79,11.83
1759318560000,0.62,11.83
1759318620000,0.86,11.83
1759318680000,1.03,11.83
1759318740000,0.80,11.83
1759318800000,0.59,11.83
1759318860000,0.91,11.83
1759318920000,0.99,11.83
1759318980000,2.01,11.83
1759319040000,1.11,11.83
1759319100000,1.07,11.83
1759319160000,0.89,11.83
1759319220000,0.95,11.83
1759319280000,1.27,11.83
1759319340000,1.00,11.83
1759319400000,1.28,11.83
1759319460000,1.24,11.83
1759319520000,0.75,11.83
1759319580000,0.55,11.83
1759319640000,0.64,11.83
1759319700000,0.73,11.83
1759319760000,1.63,11.83
1759319820000,0.84,11.83
1759319880000,1.41,11.83
1759319940000,0.72,11.83
1759320000000,3.00,11.83
1759320060000,1.86,11.83
1759320120000,1.77,11.83
1759320180000,0.92,11.83
1759320240000,1.56,11.83
1759320300000,1.32,11.83
1759320360000,1.11,11.83
1759320420000,0.82,11.83
1759320480000,0.81,11.83
1759320540000,0.86,11.83
1759320600000,0.74,11.83
1759320660000,1.12,11.83
1759320720000,1.39,11.83
1759320780000,1.04,11.83
1759320840000,0.75,11.83
1759320900000,1.78,11.83
1759320960000,3.61,11.83
1759321020000,2.32,11.83
1759321080000,2.10,11.83
1759321140000,1.71,11.83
1759321200000,0.90,11.83
1759321260000,4.46,11.83
1759321320000,2.31,11.83
1759321380000,1.47,11.83
1759321440000,1.58,11.83
1759321500000,0.86,11.83
1759321560000,1.02,11.83
1759321620000,1.21,11.83
1759321680000,1.32,11.83
1759321740000,1.14,11.83
1759321800000,1.35,11.83
1759321860000,1.16,11.83
1759321920000,1.47,11.83
1759321980000,1.76,11.83
1759322040000,1.10,11.83
1759322100000,0.75,11.83
1759322160000,0.63,11.83
1759322220000,1.11,11.83
1759322280000,1.53,11.83
1759322340000,1.00,11.83
1759322400000,1.15,11.83
1759322460000,1.02,11.83
1759322520000,1.35,11.83
1759322580000,0.72,11.83
1759322640000,0.87,11.83
1759322700000,0.91,11.83
1759322760000,0.54,11.83
1759322820000,0.76,11.83
1759322880000,0.70,11.83
1759322940000,1.29,11.83
1759323000000,1.11,11.83
1759323060000,1.27,11.83
1759323120000,2.01,11.83
1759323180000,1.30,11.83
1759323240000,1.30,11.83
1759323300000,0.81,11.83
1759323360000,0.81,11.83
1759323420000,0.85,11.83
1759323480000,0.85,11.83
1759323540000,1.42,11.83
1759323600000,2.19,11.83
1759323660000,1.29,11.83
1759323720000,0.77,11.83
1759323780000,1.07,11.83
1759323840000,1.44,11.83
1759323900000,1.10,11.83
1759323960000,0.99,11.83
1759324020000,0.94,11.83
1759324080000,0.80,11.83
1759324140000,0.70,11.83
1759324200000,1.05,11.83
1759324260000,0.98,11.83
1759324320000,1.59,11.83
1759324380000,1.19,11.83
1759324440000,1.05,11.83
1759324500000,0.94,11.83
1759324560000,0.78,11.83
1759324620000,0.90,11.83
1759324680000,1.26,11.83
1759324740000,0.95,11.83
1759324800000,0.99,11.83
1759324860000,1.21,11.83
1759324920000,1.21,11.83
1759324980000,0.93,11.83
1759325040000,0.74,11.83
1759325100000,0.92,11.83
1759325160000,1.12,11.83
1759325220000,0.76,11.83
1759325280000,0.73,11.83
1759325340000,0.61,11.83
1759325400000,2.48,11.83
1759325460000,3.56,11.83
1759325520000,2.31,11.83
1759325580000,2.04,11.83
1759325640000,1.81,11.83
1759325700000,2.24,11.83
1759325760000,1.66,11.83
1759325820000,2.48,11.83
1759325880000,2.11,11.83
1759325940000,2.23,11.83
1759326000000,2.25,11.83
1759326060000,2.04,11.83
1759326120000,1.41,11.83
1759326180000,1.63,11.83
1759326240000,1.04,11.83
1759326300000,1.57,11.83
1759326360000,2.18,11.83
1759326420000,2.28,11.83
1759326480000,2.60,11.83
1759326540000,2.00,11.83
1759326600000,1.48,11.83
1759326660000,1.75,11.83
1759326720000,1.16,11.83
1759326780000,1.64,11.83
1759326840000,1.80,11.83
1759326900000,2.03,11.83
1759326960000,0.97,11.83
1759327020000,1.70,11.83
1759327080000,0.94,11.83
1759327140000,1.57,11.83
1759327200000,4.75,11.83
1759327260000,2.72,11.83
1759327320000,4.40,11.83
1759327380000,3.68,11.83
1759327440000,4.79,11.83
1759327500000,6.04,11.83
1759327560000,2.17,11.83
1759327620000,3.13,11.83
1759327680000,3.04,11.83
1759327740000,2.03,11.83
1759327800000,2.50,11.83
1759327860000,2.43,11.83
1759327920000,2.07,11.83
1759327980000,1.78,11.83
1759328040000,1.59,11.83
1759328100000,1.39,11.83
1759328160000,2.60,11.83
1759328220000,1.69,11.83
1759328280000,2.45,11.83
1759328340000,3.11,11.83
1759328400000,2.65,11.83
1759328460000,2.57,11.83
1759328520000,2.21,11.83
1759328580000,1.47,11.83
1759328640000,1.77,11.83
1759328700000,1.55,11.83
1759328760000,2.15,11.83
1759328820000,1.63,11.83
1759328880000,1.46,11.83
1759328940000,2.06,11.83
1759329000000,1.39,11.83
1759329060000,2.65,11.83
1759329120000,2.71,11.83
1759329180000,1.97,11.83
1759329240000,2.89,11.83
1759329300000,2.14,11.83
1759329360000,2.51,11.83
1759329420000,3.07,11.83
1759329480000,1.83,11.83
1759329540000,2.06,11.83
1759329600000,3.06,11.83
1759329660000,2.81,11.83
1759329720000,2.02,11.83
1759329780000,2.34,11.83
1759329840000,1.80,11.83
1759329900000,3.68,11.83
1759329960000,1.58,11.83
1759330020000,2.86,11.83
1759330080000,2.13,11.83
1759330140000,2.11,11.83
1759330200000,1.78,11.83
1759330260000,1.54,11.83
1759330320000,1.26,11.83
1759330380000,1.70,11.83
1759330440000,1.23,11.83
1759330500000,1.21,11.83
1759330560000,1.64,11.83
1759330620000,1.49,11.83
1759330680000,0.96,11.83
1759330740000,0.82,11.83
1759330800000,1.71,11.83
1759330860000,1.23,11.83
1759330920000,1.06,11.83
1759330980000,0.88,11.83
1759331040000,0.93,11.83
1759331100000,1.00,11.83
1759331160000,1.28,11.83
1759331220000,1.72,11.83
1759331280000,1.59,11.83
1759331340000,1.75,11.83
1759331400000,0.97,11.83
1759331460000,0.79,11.83
1759331520000,1.39,11.83
1759331580000,1.17,11.83
1759331640000,1.35,11.83
1759331700000,1.20,11.83
1759331760000,0.99,11.83
1759331820000,0.90,11.83
1759331880000,1.62,11.83
1759331940000,0.95,11.83
1759332000000,0.84,11.83
1759332060000,1.25,11.83
1759332120000,1.15,11.83
1759332180000,1.45,11.83
1759332240000,0.75,11.83
1759332300000,1.19,11.83
1759332360000,0.93,11.83
1759332420000,1.05,11.83
1759332480000,2.56,11.83
1759332540000,4.35,11.83
1759332600000,2.59,11.83
1759332660000,1.98,11.83
1759332720000,2.27,11.83
1759332780000,1.28,11.83
1759332840000,2.12,11.83
1759332900000,1.18,11.83
1759332960000,1.72,11.83
1759333020000,1.37,11.83
1759333080000,1.40,11.83
1759333140000,1.12,11.83
1759333200000,1.13,11.83
1759333260000,0.87,11.83
1759333320000,0.74,11.83
1759333380000,0.95,11.83
1759333440000,0.72,11.83
1759333500000,1.59,11.83
1759333560000,1.75,11.83
1759333620000,2.01,11.83
1759333680000,1.48,11.83
1759333740000,1.49,11.83
1759333800000,1.06,11.83
1759333860000,0.88,11.83
1759333920000,0.54,11.83
1759333980000,0.57,11.83
1759334040000,0.82,11.83
1759334100000,1.07,11.83
1759334160000,0.71,11.83
1759334220000,0.66,11.83
1759334280000,0.64,11.83
1759334340000,1.23,11.83
1759334400000,2.57,11.83
1759334460000,2.17,11.83
1759334520000,1.13,11.83
1759334580000,1.74,11.83
1759334640000,1.25,11.83
1759334700000,1.50,11.83
1759334760000,1.58,11.83
1759334820000,0.83,11.83
1759334880000,1.66,11.83
1759334940000,1.23,11.83
1759335000000,1.37,11.83
1759335060000,1.40,11.83
1759335120000,1.22,11.83
1759335180000,1.66,11.83
1759335240000,1.33,11.83
1759335300000,1.66,11.83
1759335360000,1.58,11.83
1759335420000,1.19,11.83
1759335480000,0.96,11.83
1759335540000,1.05,11.83
1759335600000,1.13,11.83
1759335660000,0.80,11.83
1759335720000,1.10,11.83
1759335780000,0.86,11.83
1759335840000,0.76,11.83
1759335900000,0.70,11.83
1759335960000,0.77,11.83
1759336020000,2.40,11.83
1759336080000,2.14,11.83
1759336140000,2.12,11.83
1759336200000,1.10,11.83
1759336260000,1.20,11.83
1759336320000,1.49,11.83
1759336380000,1.30,11.83
1759336440000,0.87,11.83
1759336500000,0.94,11.83
1759336560000,0.99,11.83
1759336620000,4.13,11.83
1759336680000,4.18,11.83
1759336740000,3.83,11.83
1759336800000,3.65,11.83
1759336860000,2.05,11.83
1759336920000,1.77,11.83
1759336980000,1.25,11.83
1759337040000,1.90,11.83
1759337100000,1.80,11.83
1759337160000,1.48,11.83
1759337220000,1.16,11.83
1759337280000,0.84,11.83
1759337340000,2.11,11.83
1759337400000,1.03,11.83
1759337460000,1.36,11.83
1759337520000,0.89,11.83
1759337580000,0.84,11.83
1759337640000,1.89,11.83
1759337700000,1.59,11.83
1759337760000,2.30,11.83
1759337820000,2.03,11.83
1759337880000,1.58,11.83
1759337940000,1.01,11.83
1759338000000,2.02,11.83
1759338060000,1.83,11.83
1759338120000,0.85,11.83
1759338180000,0.72,11.83
1759338240000,1.13,11.83
1759338300000,1.49,11.83
1759338360000,0.91,11.83
1759338420000,0.95,11.83
1759338480000,1.52,11.83
1759338540000,1.37,11.83
1759338600000,1.23,11.83
1759338660000,1.32,11.83
1759338720000,1.17,11.83
1759338780000,1.02,11.83
1759338840000,2.87,11.83
1759338900000,1.96,11.83
1759338960000,1.13,11.83
1759339020000,1.49,11.83
1759339080000,1.44,11.83
1759339140000,1.19,11.83
1759339200000,1.11,11.83
1759339260000,1.56,11.83
1759339320000,0.73,11.83
1759339380000,1.03,11.83
1759339440000,0.60,11.83
1759339500000,0.91,11.83
1759339560000,1.30,11.83
1759339620000,0.92,11.83
1759339680000,1.12,11.83
1759339740000,0.86,11.83
1759339800000,0.80,11.83
1759339860000,0.60,11.83
1759339920000,0.61,11.83
1759339980000,0.52,11.83
1759340040000,0.53,11.83
1759340100000,0.66,11.83
1759340160000,0.58,11.83
1759340220000,0.58,11.83
1759340280000,0.87,11.83
1759340340000,1.14,11.83
1759340400000,0.80,11.83
1759340460000,0.93,11.83
1759340520000,0.99,11.83
1759340580000,0.57,11.83
1759340640000,0.82,11.83
1759340700000,0.55,11.83
1759340760000,0.67,11.83
1759340820000,0.88,11.83
1759340880000,1.05,11.83
1759340940000,1.96,11.83
1759341000000,1.29,11.83
1759341060000,2.25,11.83
1759341120000,2.47,11.83
1759341180000,1.80,11.83
1759341240000,1.67,11.83
1759341300000,1.36,11.83
1759341360000,0.87,11.83
1759341420000,1.79,11.83
1759341480000,1.51,11.83
1759341540000,1.14,11.83
1759341600000,2.29,11.83
1759341660000,1.08,11.83
1759341720000,0.99,11.83
1759341780000,0.99,11.83
1759341840000,0.76,11.83
1759341900000,1.14,11.83
1759341960000,0.78,11.83
1759342020000,1.34,11.83
1759342080000,1.07,11.84
1759342140000,1.29,11.84
1759342200000,0.79,11.84
1759342260000,0.69,11.84
1759342320000,0.89,11.84
1759342380000,1.35,11.84
1759342440000,0.81,11.84
1759342500000,0.70,11.84
1759342560000,0.83,11.84
1759342620000,0.63,11.84
1759342680000,0.59,11.84
1759342740000,0.64,11.84
1759342800000,0.59,11.84
1759342860000,0.54,11.84
1759342920000,0.60,11.84
1759342980000,0.46,11.84
1759343040000,0.46,11.84
1759343100000,0.73,11.84
1759343160000,0.53,11.84
1759343220000,0.83,11.84
1759343280000,0.60,11.84
1759343340000,0.48,11.84
1759343400000,0.70,11.84
1759343460000,1.11,11.84
1759343520000,0.74,11.84
1759343580000,1.10,11.84
1759343640000,0.52,11.84
1759343700000,0.70,11.84
1759343760000,0.74,11.84
1759343820000,0.67,11.84
1759343880000,0.70,11.84
1759343940000,0.54,11.84
1759344000000,0.51,11.84
1759344060000,0.53,11.84
1759344120000,0.51,11.84
1759344180000,0.78,11.84
1759344240000,0.40,11.84
1759344300000,0.49,11.84
1759344360000,0.50,11.84
1759344420000,0.53,11.84
1759344480000,0.40,11.84
1759344540000,0.44,11.84
1759344600000,0.70,11.84
1759344660000,0.53,11.84
1759344720000,1.30,11.84
1759344780000,0.87,11.84
1759344840000,0.51,11.84
1759344900000,0.94,11.84
1759344960000,0.56,11.84
1759345020000,0.39,11.84
1759345080000,0.35,11.84
1759345140000,0.41,11.84
1759345200000,1.04,11.84
1759345260000,0.55,11.84
1759345320000,0.51,11.84
1759345380000,0.46,11.84
1759345440000,0.37,11.84
1759345500000,0.44,11.84
1759345560000,0.38,11.84
1759345620000,0.53,11.84
1759345680000,0.53,11.84
1759345740000,0.44,11.84
1759345800000,0.56,11.84
1759345860000,0.78,11.84
1759345920000,0.40,11.84
1759345980000,0.62,11.84
1759346040000,0.59,11.84
1759346100000,0.45,11.84
1759346160000,0.59,11.84
1759346220000,0.51,11.84
1759346280000,0.80,11.84
1759346340000,0.49,11.84
1759346400000,0.91,11.84
1759346460000,0.76,11.84
1759346520000,0.75,11.84
1759346580000,0.81,11.84
1759346640000,0.53,11.84
1759346700000,0.94,11.84
1759346760000,0.50,11.84
1759346820000,0.92,11.84
1759346880000,0.51,11.84
1759346940000,0.56,11.84
1759347000000,0.82,11.84
1759347060000,0.60,11.84
1759347120000,0.50,11.84
1759347180000,0.49,11.84
1759347240000,0.72,11.84
1759347300000,0.93,11.84
1759347360000,0.77,11.84
1759347420000,0.55,11.84
1759347480000,0.47,11.84
1759347540000,0.54,11.84
1759347600000,0.64,11.84
1759347660000,1.09,11.84
1759347720000,0.88,11.84
1759347780000,0.90,11.84
1759347840000,0.56,11.84
1759347900000,0.91,11.84
1759347960000,0.76,11.84
1759348020000,1.13,11.84
1759348080000,0.86,11.84
1759348140000,1.10,11.84
1759348200000,1.61,11.84
1759348260000,0.93,11.84
1759348320000,0.84,11.84
1759348380000,0.65,11.84
1759348440000,0.98,11.84
1759348500000,0.96,11.84
1759348560000,0.98,11.84
1759348620000,0.97,11.84
1759348680000,0.90,11.84
1759348740000,1.44,11.84
1759348800000,1.47,11.84
1759348860000,0.99,11.84
1759348920000,0.68,11.84
1759348980000,0.46,11.84
1759349040000,0.77,11.84
1759349100000,0.76,11.84
1759349160000,0.40,11.84
1759349220000,0.70,11.84
1759349280000,0.82,11.84
1759349340000,1.11,11.84
1759349400000,0.86,11.84
1759349460000,0.53,11.84
1759349520000,1.55,11.84
1759349580000,1.08,11.84
1759349640000,0.85,11.84
1759349700000,1.11,11.84
1759349760000,0.87,11.84
1759349820000,0.67,11.84
1759349880000,0.64,11.84
1759349940000,0.61,11.84
1759350000000,1.08,11.84
1759350060000,0.64,11.84
1759350120000,1.32,11.84
1759350180000,0.52,11.84
1759350240000,0.38,11.84
1759350300000,0.42,11.84
1759350360000,0.36,11.84
1759350420000,0.29,11.84
1759350480000,0.37,11.84
1759350540000,0.57,11.84
1759350600000,0.33,11.84
1759350660000,0.37,11.84
1759350720000,0.38,11.84
1759350780000,0.46,11.84
1759350840000,0.50,11.84
1759350900000,0.32,11.84
1759350960000,0.26,11.84
1759351020000,0.41,11.84
1759351080000,0.30,11.84
1759351140000,0.34,11.84
1759351200000,0.32,11.84
1759351260000,0.28,11.84
1759351320000,0.37,11.84
1759351380000,0.43,11.84
1759351440000,0.31,11.84
1759351500000,0.59,11.84
1759351560000,0.63,11.84
1759351620000,0.39,11.84
1759351680000,0.20,11.84
1759351740000,0.31,11.84
1759351800000,0.19,11.84
1759351860000,0.40,11.84
1759351920000,0.51,11.84
1759351980000,0.61,11.84
1759352040000,0.47,11.84
1759352100000,0.33,11.84
1759352160000,0.38,11.84
1759352220000,0.20,11.84
1759352280000,0.45,11.84
1759352340000,0.56,11.84
1759352400000,0.99,11.84
1759352460000,0.89,11.84
1759352520000,0.48,11.84
1759352580000,0.50,11.84
1759352640000,0.57,11.84
1759352700000,0.40,11.84
1759352760000,0.61,11.84
1759352820000,0.33,11.84
1759352880000,0.48,11.84
1759352940000,0.45,11.84
1759353000000,0.39,11.84
1759353060000,0.49,11.84
1759353120000,0.67,11.84
1759353180000,0.51,11.84
1759353240000,1.03,11.84
1759353300000,0.58,11.84
1759353360000,0.72,11.84
1759353420000,0.37,11.84
1759353480000,0.29,11.84
1759353540000,0.33,11.84
1759353600000,0.55,11.84
1759353660000,0.68,11.84
1759353720000,0.96,11.84
1759353780000,0.48,11.84
1759353840000,0.38,11.84
1759353900000,0.46,11.84
1759353960000,0.67,11.84
1759354020000,0.47,11.84
1759354080000,0.54,11.84
1759354140000,0.41,11.84
1759354200000,0.44,11.84
1759354260000,0.50,11.84
1759354320000,0.70,11.84
1759354380000,0.80,11.84
1759354440000,0.52,11.84
1759354500000,0.44,11.84
1759354560000,0.50,11.84
1759354620000,0.72,11.84
1759354680000,1.47,11.84
1759354740000,0.90,11.84
1759354800000,0.46,11.84
1759354860000,0.48,11.84
1759354920000,0.28,11.84
1759354980000,0.44,11.84
1759355040000,0.30,11.84
1759355100000,0.43,11.84
1759355160000,0.67,11.84
1759355220000,0.63,11.84
1759355280000,0.43,11.84
1759355340000,1.65,11.84
1759355400000,2.37,11.84
1759355460000,0.56,11.84
1759355520000,0.64,11.84
1759355580000,0.56,11.84
1759355640000,0.39,11.84
1759355700000,0.59,11.84
1759355760000,0.67,11.84
1759355820000,0.33,11.84
1759355880000,0.47,11.84
1759355940000,0.85,11.84
1759356000000,1.54,11.84
1759356060000,2.29,11.84
1759356120000,1.70,11.84
1759356180000,1.07,11.84
1759356240000,0.63,11.84
1759356300000,1.70,11.84
1759356360000,1.70,11.84
1759356420000,1.19,11.84
1759356480000,3.28,11.84
1759356540000,1.24,11.84
1759356600000,1.75,11.84
1759356660000,1.15,11.84
1759356720000,0.74,11.84
1759356780000,0.97,11.84
1759356840000,0.99,11.84
1759356900000,0.81,11.84
1759356960000,0.94,11.84
1759357020000,0.80,11.84
1759357080000,0.63,11.84
1759357140000,1.16,11.84
1759357200000,0.61,11.84
1759357260000,0.42,11.84
1759357320000,0.41,11.84
1759357380000,0.36,11.84
1759357440000,0.52,11.84
1759357500000,0.44,11.84
1759357560000,0.41,11.84
1759357620000,0.47,11.84
1759357680000,0.39,11.84
1759357740000,0.36,11.84
1759357800000,0.46,11.84
1759357860000,0.72,11.84
1759357920000,0.46,11.84
1759357980000,0.73,11.84
1759358040000,0.55,11.84
1759358100000,0.41,11.84
1759358160000,1.22,11.84
1759358220000,0.98,11.84
1759358280000,0.69,11.84
1759358340000,1.31,11.84
1759358400000,0.33,11.84
1759358460000,0.46,11.84
1759358520000,0.95,11.84
1759358580000,0.53,11.84
1759358640000,0.36,11.84
1759358700000,0.50,11.84
1759358760000,1.09,11.84
1759358820000,1.39,11.84
1759358880000,0.83,11.84
1759358940000,0.93,11.84
1759359000000,1.90,11.84
1759359060000,0.75,11.84
1759359120000,0.54,11.84
1759359180000,0.86,11.84
1759359240000,0.90,11.84
1759359300000,1.15,11.84
1759359360000,0.44,11.84
1759359420000,0.44,11.84
1759359480000,1.09,11.84
1759359540000,1.28,11.84
1759359600000,2.34,11.84
1759359660000,0.77,11.84
1759359720000,0.56,11.84
1759359780000,0.44,11.84
1759359840000,0.61,11.84
1759359900000,0.67,11.84
1759359960000,0.67,11.84
1759360020000,0.51,11.84
1759360080000,0.98,11.84
1759360140000,1.22,11.84
1759360200000,0.89,11.84
1759360260000,0.76,11.84
1759360320000,0.73,11.84
1759360380000,0.57,11.84
1759360440000,0.56,11.84
1759360500000,0.52,11.84
1759360560000,4.26,11.84
1759360620000,2.19,11.84
1759360680000,1.34,11.84
1759360740000,3.24,11.84
1759360800000,1.69,11.84
1759360860000,1.24,11.84
1759360920000,1.53,11.84
1759360980000,0.91,11.84
1759361040000,1.23,11.84
1759361100000,0.72,11.84
1759361160000,1.09,11.84
1759361220000,1.18,11.84
1759361280000,0.67,11.84
1759361340000,1.45,11.84
1759361400000,0.87,11.84
1759361460000,1.24,11.84
1759361520000,1.29,11.84
1759361580000,0.93,11.84
1759361640000,1.40,11.84
1759361700000,1.73,11.84
1759361760000,0.70,11.84
1759361820000,0.69,11.84
1759361880000,0.49,11.84
1759361940000,0.94,11.84
1759362000000,1.08,11.84
1759362060000,1.55,11.84
1759362120000,1.49,11.84
1759362180000,1.10,11.84
1759362240000,1.04,11.84
1759362300000,0.61,11.84
1759362360000,1.89,11.84
1759362420000,1.50,11.84
1759362480000,2.50,11.84
1759362540000,1.11,11.84
1759362600000,0.80,11.84
1759362660000,0.65,11.84
1759362720000,2.51,11.84
1759362780000,1.16,11.84
1759362840000,0.75,11.84
1759362900000,1.51,11.84
1759362960000,2.45,11.84
1759363020000,1.14,11.84
1759363080000,3.94,11.84
1759363140000,4.19,11.84
1759363200000,5.89,11.84
1759363260000,7.24,11.84
1759363320000,5.74,11.84
1759363380000,5.49,11.84
1759363440000,5.27,11.84
1759363500000,4.03,11.84
1759363560000,2.54,11.84
1759363620000,3.34,11.84
1759363680000,4.48,11.84
1759363740000,4.00,11.84
1759363800000,5.16,11.84
1759363860000,2.80,11.84
1759363920000,2.53,11.84
1759363980000,2.06,11.84
1759364040000,2.29,11.84
1759364100000,2.84,11.84
1759364160000,2.51,11.84
1759364220000,1.92,11.84
1759364280000,2.19,11.84
1759364340000,3.18,11.84
1759364400000,1.85,11.84
1759364460000,2.63,11.84
1759364520000,2.12,11.84
1759364580000,1.95,11.84
1759364640000,2.17,11.84
1759364700000,1.86,11.84
1759364760000,2.00,11.84
1759364820000,1.19,11.84
1759364880000,1.58,11.84
1759364940000,2.87,11.84
1759365000000,2.82,11.84
1759365060000,1.80,11.84
1759365120000,1.80,11.84
1759365180000,2.77,11.84
1759365240000,1.87,11.84
1759365300000,1.82,11.84
1759365360000,1.88,11.84
1759365420000,2.16,11.84
1759365480000,1.73,11.84
1759365540000,1.81,11.84
1759365600000,1.69,11.84
1759365660000,2.07,11.84
1759365720000,2.00,11.84
1759365780000,2.08,11.84
1759365840000,1.14,11.84
1759365900000,1.31,11.84
1759365960000,1.73,11.84
1759366020000,1.35,11.84
1759366080000,1.55,11.84
1759366140000,1.69,11.84
1759366200000,2.06,11.84
1759366260000,1.34,11.84
1759366320000,0.96,11.84
1759366380000,1.64,11.84
1759366440000,1.53,11.84
1759366500000,0.68,11.84
1759366560000,1.05,11.84
1759366620000,1.07,11.84
1759366680000,1.22,11.84
1759366740000,0.96,11.84
1759366800000,1.95,11.84
1759366860000,1.59,11.84
1759366920000,1.33,11.84
1759366980000,1.76,11.84
1759367040000,1.26,11.84
1759367100000,0.96,11.84
1759367160000,1.22,11.84
1759367220000,1.50,11.84
1759367280000,1.16,11.84
1759367340000,1.51,11.84
1759367400000,1.45,11.84
1759367460000,1.10,11.84
1759367520000,1.07,11.84
1759367580000,1.09,11.84
1759367640000,1.44,11.84
1759367700000,1.00,11.84
1759367760000,1.03,11.84
1759367820000,1.72,11.84
1759367880000,1.22,11.84
1759367940000,1.68,11.84
1759368000000,1.01,11.84
1759368060000,1.32,11.84
1759368120000,1.50,11.84
1759368180000,1.61,11.84
1759368240000,0.98,11.84
1759368300000,1.82,11.84
1759368360000,2.86,11.84
1759368420000,1.64,11.84
1759368480000,1.06,11.84
1759368540000,0.80,11.84
1759368600000,1.09,11.84
1759368660000,0.97,11.84
1759368720000,2.31,11.84
1759368780000,2.40,11.84
1759368840000,1.14,11.84
1759368900000,1.63,11.84
1759368960000,1.23,11.84
1759369020000,1.06,11.84
1759369080000,1.17,11.84
1759369140000,1.25,11.84
1759369200000,1.65,11.84
1759369260000,0.92,11.84
1759369320000,0.86,11.84
1759369380000,0.93,11.84
1759369440000,1.09,11.84
1759369500000,1.82,11.84
1759369560000,2.84,11.84
1759369620000,3.18,11.84
1759369680000,4.44,11.84
1759369740000,4.33,11.84
1759369800000,2.53,11.84
1759369860000,2.09,11.84
1759369920000,2.03,11.84
1759369980000,1.54,11.84
1759370040000,1.73,11.84
1759370100000,1.36,11.84
1759370160000,2.49,11.84
1759370220000,1.94,11.84
1759370280000,2.19,11.84
1759370340000,3.11,11.84
1759370400000,4.55,11.84
1759370460000,4.34,11.84
1759370520000,2.45,11.84
1759370580000,2.51,11.84
1759370640000,2.04,11.84
1759370700000,2.25,11.84
1759370760000,1.84,11.84
1759370820000,1.65,11.84
1759370880000,1.11,11.84
1759370940000,1.19,11.84
1759371000000,2.42,11.84
1759371060000,1.63,11.84
1759371120000,1.80,11.84
1759371180000,1.54,11.84
1759371240000,1.11,11.84
1759371300000,1.20,11.84
1759371360000,1.20,11.84
1759371420000,1.26,11.84
1759371480000,0.92,11.84
1759371540000,1.35,11.84
1759371600000,1.69,11.84
1759371660000,2.22,11.84
1759371720000,1.18,11.84
1759371780000,1.20,11.84
1759371840000,1.31,11.84
1759371900000,1.29,11.84
1759371960000,2.11,11.84
1759372020000,1.25,11.84
1759372080000,1.16,11.84
1759372140000,1.57,11.84
1759372200000,1.32,11.84
1759372260000,1.49,11.84
1759372320000,1.11,11.84
1759372380000,1.95,11.84
1759372440000,0.96,11.84
1759372500000,1.38,11.84
1759372560000,1.50,11.84
1759372620000,1.98,11.84
1759372680000,1.12,11.84
1759372740000,0.80,11.84
1759372800000,1.36,11.84
1759372860000,2.17,11.84
1759372920000,1.72,11.84
1759372980000,2.18,11.84
1759373040000,1.02,11.84
1759373100000,1.66,11.84
1759373160000,1.96,11.84
1759373220000,2.12,11.84
1759373280000,1.39,11.84
1759373340000,1.06,11.84
1759373400000,1.07,11.84
1759373460000,3.21,11.84
1759373520000,2.34,11.84
1759373580000,1.76,11.84
1759373640000,1.34,11.84
1759373700000,1.73,11.84
1759373760000,0.98,11.84
1759373820000,0.90,11.84
1759373880000,1.17,11.84
1759373940000,1.00,11.84
1759374000000,1.72,11.84
1759374060000,1.27,11.84
1759374120000,1.08,11.84
1759374180000,1.01,11.84
1759374240000,1.03,11.84
1759374300000,1.15,11.84
1759374360000,0.89,11.84
1759374420000,0.89,11.84
1759374480000,1.09,11.84
1759374540000,1.28,11.84
1759374600000,1.87,11.84
1759374660000,1.14,11.84
1759374720000,1.28,11.84
1759374780000,0.82,11.84
1759374840000,0.86,11.84
1759374900000,0.99,11.84
1759374960000,0.96,11.84
1759375020000,0.94,11.84
1759375080000,0.83,11.84
1759375140000,0.87,11.84
1759375200000,1.15,11.84
1759375260000,0.99,11.84
1759375320000,0.84,11.84
1759375380000,0.77,11.84
1759375440000,0.87,11.84
1759375500000,1.55,11.84
1759375560000,0.92,11.84
1759375620000,0.73,11.84
1759375680000,0.87,11.84
1759375740000,0.48,11.84
1759375800000,2.18,11.84
1759375860000,0.88,11.84
1759375920000,1.20,11.84
1759375980000,1.47,11.84
1759376040000,0.96,11.84
1759376100000,1.34,11.84
1759376160000,1.40,11.84
1759376220000,0.78,11.84
1759376280000,0.63,11.84
1759376340000,0.89,11.84
1759376400000,0.92,11.84
1759376460000,0.90,11.84
1759376520000,0.98,11.84
1759376580000,1.00,11.84
1759376640000,0.86,11.84
1759376700000,1.30,11.84
1759376760000,0.76,11.84
1759376820000,0.95,11.84
1759376880000,1.73,11.84
1759376940000,0.86,11.84
1759377000000,0.52,11.84
1759377060000,0.65,11.84
1759377120000,0.66,11.84
1759377180000,0.84,11.84
1759377240000,1.67,11.84
1759377300000,0.70,11.84
1759377360000,0.58,11.84
1759377420000,0.57,11.84
1759377480000,0.59,11.84
1759377540000,0.63,11.84
1759377600000,1.67,11.84
1759377660000,0.85,11.84
1759377720000,0.94,11.84
1759377780000,0.73,11.84
1759377840000,1.22,11.84
1759377900000,0.79,11.84
1759377960000,0.60,11.84
1759378020000,0.58,11.84
1759378080000,0.71,11.84
1759378140000,1.19,11.84
1759378200000,0.92,11.84
1759378260000,0.81,11.84
1759378320000,0.56,11.84
1759378380000,0.55,11.84
1759378440000,0.59,11.84
1759378500000,0.80,11.84
1759378560000,0.70,11.84
1759378620000,0.83,11.84
1759378680000,0.88,11.84
1759378740000,0.70,11.84
1759378800000,0.75,11.84
1759378860000,0.99,11.84
1759378920000,0.47,11.84
1759378980000,0.87,11.84
1759379040000,1.20,11.84
1759379100000,0.75,11.84
1759379160000,0.92,11.84
1759379220000,0.64,11.84
1759379280000,0.96,11.84
1759379340000,0.68,11.84
1759379400000,0.72,11.84
1759379460000,1.21,11.84
1759379520000,1.28,11.84
1759379580000,0.90,11.84
1759379640000,0.87,11.84
1759379700000,0.94,11.84
1759379760000,1.01,11.84
1759379820000,0.90,11.84
1759379880000,0.70,11.84
1759379940000,0.68,11.84
1759380000000,0.70,11.84
1759380060000,0.72,11.84
1759380120000,1.59,11.84
1759380180000,1.47,11.84
1759380240000,1.35,11.84
1759380300000,1.03,11.84
1759380360000,0.88,11.84
1759380420000,0.82,11.84
1759380480000,0.74,11.84
1759380540000,0.95,11.84
1759380600000,1.08,11.84
1759380660000,0.63,11.84
1759380720000,0.55,11.84
1759380780000,0.85,11.84
1759380840000,0.71,11.84
1759380900000,0.53,11.84
1759380960000,0.46,11.84
1759381020000,1.09,11.84
1759381080000,1.04,11.84
1759381140000,0.80,11.84
1759381200000,2.10,11.84
1759381260000,0.61,11.84
1759381320000,0.60,11.84
1759381380000,0.55,11.84
1759381440000,0.50,11.84
1759381500000,1.07,11.84
1759381560000,0.41,11.84
1759381620000,0.67,11.84
1759381680000,0.64,11.84
1759381740000,0.60,11.84
1759381800000,0.71,11.84
1759381860000,0.66,11.84
1759381920000,0.77,11.84
1759381980000,0.62,11.84
1759382040000,0.69,11.84
1759382100000,0.78,11.84
1759382160000,0.68,11.84
1759382220000,0.58,11.84
1759382280000,0.60,11.84
1759382340000,0.92,11.84
1759382400000,1.14,11.84
1759382460000,0.69,11.84
1759382520000,1.18,11.84
1759382580000,0.55,11.84
1759382640000,1.23,11.84
1759382700000,0.59,11.84
1759382760000,1.53,11.84
1759382820000,1.22,11.84
1759382880000,4.61,11.84
1759382940000,3.13,11.84
1759383000000,1.98,11.84
1759383060000,1.26,11.84
1759383120000,1.20,11.84
1759383180000,1.59,11.84
1759383240000,1.17,11.84
1759383300000,1.00,11.84
1759383360000,0.95,11.84
1759383420000,1.09,11.84
1759383480000,0.76,11.84
1759383540000,0.99,11.84
1759383600000,1.37,11.84
1759383660000,0.63,11.84
1759383720000,0.58,11.84
1759383780000,0.47,11.84
1759383840000,0.80,11.84
1759383900000,0.37,11.84
1759383960000,0.54,11.84
1759384020000,0.51,11.84
1759384080000,0.48,11.84
1759384140000,0.60,11.84
1759384200000,0.57,11.84
1759384260000,0.44,11.84
1759384320000,1.01,11.84
1759384380000,1.07,11.84
1759384440000,0.46,11.84
1759384500000,0.56,11.84
1759384560000,0.54,11.84
1759384620000,0.56,11.84
1759384680000,0.39,11.84
1759384740000,0.53,11.84
1759384800000,1.30,11.84
1759384860000,0.68,11.84
1759384920000,0.74,11.84
1759384980000,0.51,11.84
1759385040000,0.71,11.84
1759385100000,0.99,11.84
1759385160000,0.75,11.84
1759385220000,0.72,11.84
1759385280000,0.99,11.84
1759385340000,0.54,11.84
1759385400000,0.64,11.84
1759385460000,0.60,11.84
1759385520000,0.63,11.84
1759385580000,0.51,11.84
1759385640000,0.41,11.84
1759385700000,0.64,11.84
1759385760000,0.98,11.84
1759385820000,0.77,11.84
1759385880000,0.57,11.84
1759385940000,0.41,11.84
1759386000000,0.84,11.84
1759386060000,0.60,11.84
1759386120000,0.58,11.84
1759386180000,0.54,11.84
1759386240000,0.47,11.84
1759386300000,0.66,11.84
1759386360000,0.72,11.84
1759386420000,0.57,11.84
1759386480000,0.90,11.84
1759386540000,5.33,11.84
1759386600000,3.37,11.84
1759386660000,3.20,11.84
1759386720000,2.37,11.84
1759386780000,2.64,11.84
1759386840000,1.78,11.84
1759386900000,1.43,11.84
1759386960000,0.86,11.84
1759387020000,0.83,11.84
1759387080000,0.96,11.84
1759387140000,2.64,11.84
1759387200000,1.54,11.84
1759387260000,1.81,11.84
1759387320000,2.90,11.84
1759387380000,2.22,11.84
1759387440000,1.11,11.84
1759387500000,0.75,11.84
1759387560000,1.32,11.84
1759387620000,0.79,11.84
1759387680000,0.71,11.84
1759387740000,0.86,11.84
1759387800000,0.55,11.84
1759387860000,0.63,11.84
1759387920000,0.88,11.84
1759387980000,0.69,11.84
1759388040000,0.38,11.84
1759388100000,0.74,11.84
1759388160000,0.60,11.84
1759388220000,0.59,11.84
1759388280000,0.84,11.84
1759388340000,0.82,11.84
1759388400000,2.06,11.84
1759388460000,1.65,11.84
1759388520000,1.12,11.84
1759388580000,1.33,11.84
1759388640000,1.19,11.84
1759388700000,1.14,11.84
1759388760000,0.99,11.84
1759388820000,1.27,11.84
1759388880000,1.37,11.84
1759388940000,1.95,11.84
1759389000000,1.05,11.84
1759389060000,1.30,11.84
1759389120000,1.03,11.84
1759389180000,1.07,11.84
1759389240000,1.04,11.84
1759389300000,1.75,11.84
1759389360000,1.08,11.84
1759389420000,1.08,11.84
1759389480000,1.00,11.84
1759389540000,0.89,11.84
1759389600000,1.14,11.84
1759389660000,1.61,11.84
1759389720000,1.04,11.84
1759389780000,1.43,11.84
1759389840000,0.92,11.84
1759389900000,0.74,11.84
1759389960000,0.91,11.84
1759390020000,0.99,11.84
1759390080000,1.17,11.84
1759390140000,0.82,11.84
1759390200000,1.17,11.84
1759390260000,0.82,11.84
1759390320000,0.92,11.84
1759390380000,1.08,11.84
1759390440000,0.94,11.84
1759390500000,1.49,11.84
1759390560000,0.82,11.84
1759390620000,0.95,11.84
1759390680000,0.88,11.84
1759390740000,1.07,11.84
1759390800000,1.03,11.84
1759390860000,0.86,11.84
1759390920000,1.41,11.84
1759390980000,0.85,11.84
1759391040000,0.88,11.84
1759391100000,1.04,11.84
1759391160000,1.21,11.84
1759391220000,0.83,11.84
1759391280000,1.04,11.84
1759391340000,1.05,11.84
1759391400000,1.51,11.84
1759391460000,1.27,11.84
1759391520000,2.05,11.84
1759391580000,1.58,11.84
1759391640000,1.26,11.84
1759391700000,0.86,11.84
1759391760000,0.88,11.84
1759391820000,1.05,11.84
1759391880000,1.68,11.84
1759391940000,0.99,11.84
1759392000000,2.01,11.84
1759392060000,1.14,11.84
1759392120000,0.97,11.84
1759392180000,0.97,11.84
1759392240000,1.08,11.84
1759392300000,1.47,11.84
1759392360000,1.05,11.84
1759392420000,0.92,11.84
1759392480000,0.57,11.84
1759392540000,1.21,11.84
1759392600000,1.08,11.84
1759392660000,0.96,11.84
1759392720000,0.79,11.84
1759392780000,0.61,11.84
1759392840000,0.75,11.84
1759392900000,1.01,11.84
1759392960000,0.89,11.84
1759393020000,0.83,11.84
1759393080000,0.78,11.84
1759393140000,0.69,11.84
1759393200000,1.19,11.84
1759393260000,0.68,11.84
1759393320000,0.68,11.84
1759393380000,1.04,11.84
1759393440000,1.30,11.84
1759393500000,1.08,11.84
1759393560000,0.60,11.84
1759393620000,0.74,11.84
1759393680000,0.82,11.84
1759393740000,0.81,11.84
1759393800000,0.63,11.84
1759393860000,0.69,11.84
1759393920000,0.85,11.84
1759393980000,0.60,11.84
1759394040000,0.53,11.84
1759394100000,1.00,11.84
1759394160000,0.52,11.84
1759394220000,0.69,11.84
1759394280000,1.11,11.84
1759394340000,0.90,11.84
1759394400000,0.68,11.84
1759394460000,0.83,11.84
1759394520000,0.55,11.84
1759394580000,0.64,11.84
1759394640000,0.53,11.84
1759394700000,0.82,11.84
1759394760000,0.66,11.84
1759394820000,0.96,11.84
1759394880000,0.72,11.84
1759394940000,1.09,11.84
1759395000000,0.81,11.84
1759395060000,0.61,11.84
1759395120000,0.79,11.84
1759395180000,0.53,11.84
1759395240000,0.57,11.84
1759395300000,0.74,11.84
1759395360000,0.44,11.84
1759395420000,0.44,11.84
1759395480000,0.46,11.84
1759395540000,0.74,11.84
1759395600000,1.58,11.84
1759395660000,0.93,11.84
1759395720000,0.71,11.84
1759395780000,0.57,11.84
1759395840000,0.82,11.84
1759395900000,0.96,11.84
1759395960000,1.08,11.84
1759396020000,0.48,11.84
1759396080000,0.88,11.84
1759396140000,0.52,11.84
1759396200000,0.74,11.84
1759396260000,0.79,11.84
1759396320000,0.62,11.84
1759396380000,0.66,11.84
1759396440000,0.53,11.84
1759396500000,0.67,11.84
1759396560000,0.51,11.84
1759396620000,0.91,11.84
1759396680000,0.89,11.84
1759396740000,0.67,11.84
1759396800000,0.68,11.84
1759396860000,0.64,11.84
1759396920000,0.74,11.84
1759396980000,1.84,11.84
1759397040000,1.09,11.84
1759397100000,0.75,11.84
1759397160000,0.63,11.84
1759397220000,0.54,11.84
1759397280000,0.51,11.84
1759397340000,0.75,11.84
1759397400000,0.81,11.84
1759397460000,0.57,11.84
1759397520000,0.91,11.84
1759397580000,0.64,11.84
1759397640000,0.87,11.84
1759397700000,0.87,11.84
1759397760000,1.76,11.84
1759397820000,0.72,11.84
1759397880000,0.56,11.84
1759397940000,0.91,11.84
1759398000000,0.90,11.84
1759398060000,0.64,11.84
1759398120000,0.64,11.84
1759398180000,0.69,11.84
1759398240000,1.07,11.84
1759398300000,1.65,11.84
1759398360000,0.78,11.84
1759398420000,0.66,11.84
1759398480000,0.63,11.84
1759398540000,1.02,11.84
1759398600000,1.59,11.84
1759398660000,0.96,11.84
1759398720000,0.65,11.84
1759398780000,0.84,11.84
1759398840000,0.62,11.84
1759398900000,0.56,11.84
1759398960000,0.40,11.84
1759399020000,0.42,11.84
1759399080000,1.02,11.84
1759399140000,1.28,11.84
1759399200000,1.56,11.84
1759399260000,1.17,11.84
1759399320000,1.63,11.84
1759399380000,1.23,11.84
1759399440000,0.88,11.84
1759399500000,0.62,11.84
1759399560000,0.68,11.84
1759399620000,0.78,11.84
1759399680000,0.58,11.84
1759399740000,0.79,11.84
1759399800000,0.61,11.84
1759399860000,0.56,11.84
1759399920000,0.75,11.84
1759399980000,0.73,11.84
1759400040000,0.52,11.84
1759400100000,0.72,11.84
1759400160000,0.97,11.84
1759400220000,0.43,11.84
1759400280000,0.53,11.84
1759400340000,0.57,11.84
1759400400000,0.87,11.84
1759400460000,1.40,11.84
1759400520000,1.05,11.84
1759400580000,0.69,11.84
1759400640000,1.50,11.84
1759400700000,0.67,11.84
1759400760000,0.74,11.84
1759400820000,0.81,11.84
1759400880000,0.77,11.84
1759400940000,0.56,11.84
1759401000000,0.80,11.84
1759401060000,0.86,11.84
1759401120000,1.13,11.84
1759401180000,1.40,11.84
1759401240000,0.77,11.84
1759401300000,1.12,11.84
1759401360000,0.86,11.84
1759401420000,0.79,11.84
1759401480000,0.97,11.84
1759401540000,0.76,11.84
1759401600000,1.50,11.84
1759401660000,0.98,11.84
1759401720000,1.03,11.84
1759401780000,0.78,11.84
1759401840000,0.97,11.84
1759401900000,0.54,11.84
1759401960000,0.51,11.84
1759402020000,0.95,11.84
1759402080000,0.67,11.84
1759402140000,0.86,11.84
1759402200000,0.87,11.84
1759402260000,0.65,11.84
1759402320000,0.58,11.84
1759402380000,0.72,11.84
1759402440000,0.53,11.84
1759402500000,0.91,11.84
1759402560000,0.58,11.84
1759402620000,0.87,11.84
1759402680000,1.17,11.84
1759402740000,0.55,11.84
1759402800000,1.29,11.84
1759402860000,0.72,11.84
1759402920000,0.77,11.84
1759402980000,0.80,11.84
1759403040000,0.87,11.84
1759403100000,1.12,11.84
1759403160000,0.95,11.84
1759403220000,0.89,11.84
1759403280000,1.16,11.84
1759403340000,0.93,11.84
1759403400000,0.92,11.84
1759403460000,1.00,11.84
1759403520000,1.16,11.84
1759403580000,0.66,11.84
1759403640000,0.55,11.84
1759403700000,0.83,11.84
1759403760000,0.56,11.84
1759403820000,0.77,11.84
1759403880000,1.24,11.84
1759403940000,0.54,11.84
1759404000000,0.82,11.84
1759404060000,0.61,11.84
1759404120000,0.81,11.84
1759404180000,0.64,11.84
1759404240000,0.71,11.84
1759404300000,0.50,11.84
1759404360000,0.46,11.84
1759404420000,0.34,11.84
1759404480000,0.47,11.84
1759404540000,0.54,11.84
1759404600000,0.52,11.84
1759404660000,1.36,11.84
1759404720000,1.40,11.84
1759404780000,0.70,11.84
1759404840000,0.78,11.84
1759404900000,0.95,11.84
1759404960000,0.94,11.84
1759405020000,0.52,11.84
1759405080000,0.77,11.84
1759405140000,0.78,11.84
1759405200000,0.45,11.84
1759405260000,0.64,11.84
1759405320000,1.08,11.84
1759405380000,0.79,11.84
1759405440000,0.55,11.84
1759405500000,0.72,11.84
1759405560000,1.01,11.84
1759405620000,0.80,11.84
1759405680000,1.02,11.84
1759405740000,1.60,11.84
1759405800000,1.36,11.84
1759405860000,1.04,11.84
1759405920000,0.76,11.84
1759405980000,0.77,11.84
1759406040000,0.79,11.84
1759406100000,0.81,11.84
1759406160000,1.82,11.84
1759406220000,2.91,11.84
1759406280000,0.94,11.84
1759406340000,1.07,11.84
1759406400000,2.38,11.84
1759406460000,1.42,11.84
1759406520000,0.76,11.84
1759406580000,0.90,11.84
1759406640000,0.69,11.84
1759406700000,0.92,11.84
1759406760000,1.15,11.84
1759406820000,0.97,11.84
1759406880000,0.73,11.84
1759406940000,1.32,11.84
1759407000000,1.06,11.84
1759407060000,0.77,11.84
1759407120000,0.55,11.84
1759407180000,0.55,11.84
1759407240000,0.70,11.84
1759407300000,0.85,11.84
1759407360000,0.94,11.84
1759407420000,0.86,11.84
1759407480000,0.62,11.84
1759407540000,0.51,11.84
1759407600000,0.78,11.84
1759407660000,0.86,11.84
1759407720000,0.65,11.84
1759407780000,0.82,11.84
1759407840000,1.85,11.84
1759407900000,1.36,11.84
1759407960000,0.86,11.84
1759408020000,0.67,11.84
1759408080000,1.35,11.84
1759408140000,1.10,11.84
1759408200000,1.40,11.84
1759408260000,2.00,11.84
1759408320000,3.24,11.84
1759408380000,1.62,11.84
1759408440000,1.23,11.84
1759408500000,1.70,11.84
1759408560000,1.08,11.84
1759408620000,1.09,11.84
1759408680000,1.92,11.84
1759408740000,1.51,11.84
1759408800000,2.12,11.84
1759408860000,1.74,11.84
1759408920000,1.29,11.84
1759408980000,1.38,11.84
1759409040000,1.42,11.84
1759409100000,1.05,11.84
1759409160000,0.68,11.84
1759409220000,0.69,11.84
1759409280000,0.84,11.84
1759409340000,0.75,11.84
1759409400000,0.98,11.84
1759409460000,0.88,11.84
1759409520000,1.50,11.84
1759409580000,1.48,11.84
1759409640000,1.20,11.84
1759409700000,0.90,11.84
1759409760000,0.63,11.84
1759409820000,0.68,11.84
1759409880000,2.12,11.84
1759409940000,1.18,11.84
1759410000000,1.95,11.84
1759410060000,2.59,11.84
1759410120000,1.97,11.84
1759410180000,1.87,11.84
1759410240000,1.79,11.84
1759410300000,2.96,11.84
1759410360000,1.68,11.84
1759410420000,1.00,11.84
1759410480000,1.95,11.84
1759410540000,1.61,11.84
1759410600000,2.03,11.84
1759410660000,1.87,11.84
1759410720000,1.37,11.84
1759410780000,1.87,11.84
1759410840000,1.34,11.84
1759410900000,2.00,11.84
1759410960000,2.02,11.84
1759411020000,2.73,11.84
1759411080000,6.81,11.84
1759411140000,2.48,11.84
1759411200000,2.70,11.84
1759411260000,2.74,11.84
1759411320000,1.02,11.84
1759411380000,0.91,11.84
1759411440000,1.74,11.84
1759411500000,2.08,11.84
1759411560000,1.75,11.84
1759411620000,2.41,11.84
1759411680000,1.22,11.84
1759411740000,1.46,11.84
1759411800000,2.69,11.84
1759411860000,2.55,11.84
1759411920000,2.18,11.84
1759411980000,1.73,11.84
1759412040000,2.56,11.84
1759412100000,3.51,11.84
1759412160000,2.39,11.84
1759412220000,2.70,11.84
1759412280000,2.82,11.84
1759412340000,2.74,11.84
1759412400000,3.58,11.84
1759412460000,3.17,11.84
1759412520000,2.72,11.84
1759412580000,4.02,11.84
1759412640000,2.93,11.84
1759412700000,4.70,11.84
1759412760000,2.84,11.84
1759412820000,3.60,11.84
1759412880000,3.84,11.84
1759412940000,4.63,11.84
1759413000000,2.26,11.84
1759413060000,3.45,11.84
1759413120000,2.68,11.84
1759413180000,3.10,11.84
1759413240000,2.38,11.84
1759413300000,2.47,11.84
1759413360000,2.83,11.84
1759413420000,1.71,11.84
1759413480000,2.10,11.84
1759413540000,2.50,11.84
1759413600000,3.78,11.84
1759413660000,3.41,11.84
1759413720000,1.95,11.84
1759413780000,1.95,11.84
1759413840000,1.55,11.84
1759413900000,1.45,11.84
1759413960000,2.75,11.84
1759414020000,1.09,11.84
1759414080000,2.90,11.84
1759414140000,1.39,11.84
1759414200000,1.68,11.84
1759414260000,3.76,11.84
1759414320000,2.68,11.84
1759414380000,1.91,11.84
1759414440000,1.80,11.84
1759414500000,2.34,11.84
1759414560000,1.77,11.84
1759414620000,1.28,11.84
1759414680000,0.92,11.84
1759414740000,1.23,11.84
1759414800000,2.96,11.84
1759414860000,1.42,11.84
1759414920000,1.58,11.84
1759414980000,1.69,11.84
1759415040000,1.19,11.84
1759415100000,1.60,11.84
1759415160000,1.46,11.84
1759415220000,0.96,11.84
1759415280000,1.87,11.84
1759415340000,1.31,11.84
1759415400000,2.41,11.84
1759415460000,2.13,11.84
1759415520000,2.02,11.84
1759415580000,2.69,11.84
1759415640000,2.36,11.84
1759415700000,2.04,11.84
1759415760000,1.63,11.84
1759415820000,2.49,11.84
1759415880000,1.20,11.84
1759415940000,1.28,11.84
1759416000000,1.87,11.84
1759416060000,2.54,11.84
1759416120000,2.26,11.84
1759416180000,5.09,11.84
1759416240000,3.35,11.84
1759416300000,2.19,11.84
1759416360000,1.68,11.84
1759416420000,2.40,11.84
1759416480000,5.38,11.84
1759416540000,2.39,11.84
1759416600000,7.32,11.84
1759416660000,3.61,11.84
1759416720000,2.06,11.84
1759416780000,2.45,11.84
1759416840000,2.54,11.84
1759416900000,1.84,11.84
1759416960000,3.00,11.84
1759417020000,1.80,11.84
1759417080000,1.42,11.84
1759417140000,1.18,11.84
1759417200000,3.75,11.84
1759417260000,2.00,11.84
1759417320000,1.91,11.84
1759417380000,3.06,11.84
1759417440000,6.47,11.84
1759417500000,3.28,11.84
1759417560000,2.69,11.84
1759417620000,2.47,11.84
1759417680000,1.74,11.84
1759417740000,2.68,11.84
1759417800000,4.33,11.84
1759417860000,2.05,11.84
1759417920000,1.32,11.84
1759417980000,1.79,11.84
1759418040000,2.27,11.84
1759418100000,1.53,11.84
1759418160000,1.75,11.84
1759418220000,1.64,11.84
1759418280000,1.09,11.84
1759418340000,1.45,11.84
1759418400000,1.87,11.84
1759418460000,1.50,11.84
1759418520000,2.21,11.84
1759418580000,2.73,11.84
1759418640000,2.14,11.84
1759418700000,1.50,11.84
1759418760000,1.76,11.84
1759418820000,0.95,11.84
1759418880000,1.22,11.84
1759418940000,1.16,11.84
1759419000000,1.80,11.84
1759419060000,1.48,11.84
1759419120000,1.26,11.84
1759419180000,0.98,11.84
1759419240000,0.88,11.84
1759419300000,1.22,11.84
1759419360000,1.31,11.84
1759419420000,2.11,11.84
1759419480000,1.07,11.84
1759419540000,1.17,11.84
1759419600000,1.21,11.84
1759419660000,1.58,11.84
1759419720000,1.40,11.84
1759419780000,1.20,11.84
1759419840000,0.78,11.84
1759419900000,0.90,11.84
1759419960000,0.94,11.84
1759420020000,1.06,11.84
1759420080000,1.17,11.84
1759420140000,1.18,11.84
1759420200000,1.10,11.84
1759420260000,0.93,11.84
1759420320000,2.29,11.84
1759420380000,1.83,11.84
1759420440000,3.50,11.84
1759420500000,2.59,11.84
1759420560000,1.78,11.84
1759420620000,1.82,11.84
1759420680000,1.48,11.84
1759420740000,1.37,11.84
1759420800000,2.86,11.84
1759420860000,1.35,11.84
1759420920000,1.54,11.84
1759420980000,3.80,11.84
1759421040000,3.84,11.84
1759421100000,2.31,11.84
1759421160000,2.98,11.84
1759421220000,2.30,11.84
1759421280000,2.14,11.84
1759421340000,1.94,11.84
1759421400000,3.23,11.84
1759421460000,7.82,11.84
1759421520000,7.51,11.84
1759421580000,4.35,11.84
1759421640000,3.34,11.84
1759421700000,3.35,11.84
1759421760000,2.44,11.84
1759421820000,1.67,11.84
1759421880000,1.69,11.84
1759421940000,1.41,11.84
1759422000000,2.57,11.84
1759422060000,2.33,11.84
1759422120000,1.76,11.84
1759422180000,1.26,11.84
1759422240000,1.09,11.84
1759422300000,1.40,11.84
1759422360000,1.54,11.84
1759422420000,1.00,11.84
1759422480000,1.08,11.84
1759422540000,1.17,11.84
1759422600000,1.77,11.84
1759422660000,2.31,11.84
1759422720000,1.64,11.84
1759422780000,1.17,11.84
1759422840000,1.20,11.84
1759422900000,1.60,11.84
1759422960000,1.62,11.84
1759423020000,2.65,11.84
1759423080000,1.67,11.84
1759423140000,1.18,11.84
1759423200000,1.15,11.84
1759423260000,2.99,11.84
1759423320000,2.98,11.84
1759423380000,1.75,11.84
1759423440000,1.56,11.84
1759423500000,1.10,11.84
1759423560000,2.04,11.84
1759423620000,2.15,11.84
1759423680000,1.33,11.84
1759423740000,0.90,11.84
1759423800000,1.45,11.84
1759423860000,1.98,11.84
1759423920000,1.90,11.84
1759423980000,1.09,11.84
1759424040000,1.46,11.84
1759424100000,1.46,11.84
1759424160000,2.35,11.84
1759424220000,1.00,11.84
1759424280000,1.02,11.84
1759424340000,0.91,11.84
1759424400000,1.52,11.84
1759424460000,1.31,11.84
1759424520000,1.41,11.84
1759424580000,1.41,11.84
1759424640000,1.06,11.84
1759424700000,0.88,11.84
1759424760000,1.24,11.84
1759424820000,1.13,11.84
1759424880000,0.90,11.84
1759424940000,1.06,11.84
1759425000000,1.38,11.84
1759425060000,1.28,11.84
1759425120000,1.04,11.84
1759425180000,1.50,11.84
1759425240000,1.35,11.84
1759425300000,1.65,11.84
1759425360000,1.05,11.84
1759425420000,1.29,11.84
1759425480000,0.91,11.84
1759425540000,1.07,11.84
1759425600000,1.42,11.84
1759425660000,1.30,11.84
1759425720000,1.19,11.84
1759425780000,1.29,11.84
1759425840000,0.68,11.84
1759425900000,1.27,11.84
1759425960000,0.95,11.84
1759426020000,0.78,11.84
1759426080000,0.73,11.84
1759426140000,0.58,11.84
1759426200000,0.84,11.84
1759426260000,1.03,11.84
1759426320000,0.83,11.84
1759426380000,1.24,11.84
1759426440000,0.90,11.84
1759426500000,1.04,11.84
1759426560000,0.86,11.84
1759426620000,1.23,11.84
1759426680000,0.82,11.84
1759426740000,0.82,11.84
1759426800000,0.94,11.84
1759426860000,0.89,11.84
1759426920000,2.65,11.84
1759426980000,1.36,11.84
1759427040000,0.87,11.84
1759427100000,1.12,11.84
1759427160000,1.11,11.84
1759427220000,1.25,11.84
1759427280000,1.06,11.84
1759427340000,0.84,11.84
1759427400000,1.67,11.84
1759427460000,1.07,11.84
1759427520000,0.66,11.84
1759427580000,0.63,11.84
1759427640000,0.58,11.84
1759427700000,0.67,11.84
1759427760000,0.74,11.84
1759427820000,0.70,11.84
1759427880000,0.69,11.84
1759427940000,0.56,11.84
1759428000000,1.16,11.84
1759428060000,1.30,11.84
1759428120000,1.13,11.84
1759428180000,1.38,11.84
1759428240000,1.88,11.84
1759428300000,2.55,11.84
1759428360000,1.92,11.84
1759428420000,2.29,11.84
1759428480000,1.29,11.84
1759428540000,1.16,11.84
1759428600000,1.03,11.84
1759428660000,1.22,11.84
1759428720000,1.23,11.84
1759428780000,1.15,11.84
1759428840000,1.68,11.84
1759428900000,1.69,11.84
1759428960000,1.53,11.84
1759429020000,1.55,11.84
1759429080000,1.90,11.84
1759429140000,1.26,11.84
1759429200000,0.94,11.84
1759429260000,0.65,11.84
1759429320000,0.82,11.84
1759429380000,1.08,11.84
1759429440000,0.96,11.84
1759429500000,0.76,11.84
1759429560000,1.70,11.84
1759429620000,1.63,11.84
1759429680000,1.46,11.84
1759429740000,0.79,11.84
1759429800000,2.02,11.84
1759429860000,1.53,11.84
1759429920000,0.67,11.84
1759429980000,1.42,11.84
1759430040000,1.40,11.84
1759430100000,1.04,11.84
1759430160000,1.11,11.84
1759430220000,1.18,11.84
1759430280000,1.36,11.84
1759430340000,1.10,11.84
1759430400000,1.58,11.84
1759430460000,1.64,11.84
1759430520000,1.43,11.84
1759430580000,1.12,11.84
1759430640000,0.82,11.84
1759430700000,0.62,11.84
1759430760000,0.94,11.84
1759430820000,0.76,11.84
1759430880000,1.11,11.84
1759430940000,0.88,11.84
1759431000000,2.59,11.84
1759431060000,1.94,11.84
1759431120000,1.17,11.84
1759431180000,2.84,11.84
1759431240000,3.60,11.84
1759431300000,1.49,11.84
1759431360000,0.95,11.84
1759431420000,2.84,11.84
1759431480000,2.12,11.84
1759431540000,0.91,11.84
1759431600000,2.47,11.84
1759431660000,1.85,11.84
1759431720000,1.41,11.84
1759431780000,1.29,11.84
1759431840000,1.19,11.84
1759431900000,3.03,11.84
1759431960000,1.47,11.84
1759432020000,2.67,11.84
1759432080000,3.86,11.84
1759432140000,3.02,11.84
1759432200000,2.26,11.84
1759432260000,1.69,11.84
1759432320000,2.08,11.84
1759432380000,3.97,11.84
1759432440000,1.34,11.84
1759432500000,3.24,11.84
1759432560000,1.07,11.84
1759432620000,2.67,11.84
1759432680000,1.17,11.84
1759432740000,1.54,11.84
1759432800000,1.23,11.84
1759432860000,2.23,11.84
1759432920000,1.94,11.84
1759432980000,1.78,11.84
1759433040000,0.96,11.84
1759433100000,1.08,11.84
1759433160000,1.33,11.84
1759433220000,1.26,11.84
1759433280000,0.58,11.84
1759433340000,0.55,11.84
1759433400000,1.68,11.84
1759433460000,1.34,11.84
1759433520000,1.18,11.84
1759433580000,0.99,11.84
1759433640000,1.08,11.84
1759433700000,0.96,11.84
1759433760000,1.18,11.84
1759433820000,0.88,11.84
1759433880000,1.59,11.84
1759433940000,0.93,11.84
1759434000000,1.30,11.84
1759434060000,1.13,11.84
1759434120000,0.83,11.84
1759434180000,1.76,11.84
1759434240000,1.98,11.84
1759434300000,1.87,11.84
1759434360000,1.15,11.84
1759434420000,1.61,11.84
1759434480000,1.00,11.84
1759434540000,1.00,11.84
1759434600000,1.79,11.84
1759434660000,1.91,11.84
1759434720000,0.93,11.84
1759434780000,0.97,11.84
1759434840000,1.04,11.84
1759434900000,2.59,11.84
1759434960000,1.38,11.84
1759435020000,1.16,11.84
1759435080000,1.93,11.84
1759435140000,2.98,11.84
1759435200000,2.60,11.77
1759435260000,2.38,11.77
1759435320000,1.43,11.77
1759435380000,1.26,11.77
1759435440000,0.87,11.77
1759435500000,1.71,11.77
1759435560000,0.79,11.77
1759435620000,0.68,11.77
1759435680000,0.80,11.77
1759435740000,0.61,11.77
1759435800000,1.65,11.77
1759435860000,1.85,11.77
1759435920000,1.04,11.77
1759435980000,1.28,11.77
1759436040000,1.12,11.77
1759436100000,1.32,11.77
1759436160000,1.37,11.77
1759436220000,0.94,11.77
1759436280000,0.98,11.77
1759436340000,0.95,11.77
1759436400000,0.70,11.77
1759436460000,0.46,11.77
1759436520000,0.77,11.77
1759436580000,1.02,11.77
1759436640000,1.17,11.77
1759436700000,2.24,11.77
1759436760000,1.20,11.77
1759436820000,0.72,11.77
1759436880000,0.50,11.77
1759436940000,0.42,11.77
1759437000000,0.77,11.77
1759437060000,0.87,11.77
1759437120000,2.46,11.77
1759437180000,1.93,11.77
1759437240000,1.54,11.77
1759437300000,1.69,11.77
1759437360000,0.95,11.77
1759437420000,0.85,11.77
1759437480000,0.55,11.77
1759437540000,1.32,11.77
1759437600000,1.32,11.77
1759437660000,0.96,11.77
1759437720000,1.24,11.77
1759437780000,1.70,11.77
1759437840000,1.13,11.77
1759437900000,1.15,11.77
1759437960000,0.53,11.77
1759438020000,0.83,11.77
1759438080000,1.38,11.77
1759438140000,0.84,11.77
1759438200000,0.88,11.77
1759438260000,0.62,11.77
1759438320000,0.53,11.77
1759438380000,0.47,11.77
1759438440000,0.48,11.77
1759438500000,0.59,11.77
1759438560000,0.58,11.77
1759438620000,0.56,11.77
1759438680000,1.32,11.77
1759438740000,1.18,11.77
1759438800000,1.99,11.77
1759438860000,0.86,11.77
1759438920000,0.60,11.77
1759438980000,0.55,11.77
1759439040000,0.69,11.77
1759439100000,0.62,11.77
1759439160000,0.71,11.77
1759439220000,0.77,11.77
1759439280000,1.04,11.77
1759439340000,1.17,11.77
1759439400000,0.74,11.77
1759439460000,1.17,11.77
1759439520000,1.15,11.77
1759439580000,1.24,11.77
1759439640000,2.49,11.77
1759439700000,1.28,11.77
1759439760000,2.10,11.77
1759439820000,1.02,11.77
1759439880000,0.91,11.77
1759439940000,0.90,11.77
1759440000000,0.71,11.77
1759440060000,0.53,11.77
1759440120000,0.55,11.77
1759440180000,0.56,11.77
1759440240000,0.73,11.77
1759440300000,1.12,11.77
1759440360000,1.18,11.77
1759440420000,0.95,11.77
1759440480000,1.16,11.77
1759440540000,0.97,11.77
1759440600000,0.55,11.77
1759440660000,1.16,11.77
1759440720000,0.72,11.77
1759440780000,0.68,11.77
1759440840000,0.68,11.77
1759440900000,0.98,11.77
1759440960000,1.23,11.77
1759441020000,0.67,11.77
1759441080000,0.76,11.77
1759441140000,0.45,11.77
1759441200000,0.71,11.77
1759441260000,0.53,11.77
1759441320000,0.48,11.69
1759441380000,0.64,11.69
1759441440000,0.61,11.69
1759441500000,0.43,11.69
1759441560000,0.61,11.69
1759441620000,0.83,11.69
1759441680000,0.46,11.69
1759441740000,0.67,11.69
1759441800000,0.55,11.69
1759441860000,0.65,11.69
1759441920000,0.60,11.69
1759441980000,0.68,11.69
1759442040000,0.53,11.69
1759442100000,0.90,11.69
1759442160000,1.16,11.69
1759442220000,0.74,11.69
1759442280000,0.90,11.69
1759442340000,1.53,11.69
1759442400000,2.14,11.69
1759442460000,1.03,11.69
1759442520000,0.92,11.69
1759442580000,0.92,11.69
1759442640000,0.88,11.69
1759442700000,1.00,11.69
1759442760000,0.86,11.69
1759442820000,0.66,11.69
1759442880000,0.48,11.69
1759442940000,0.62,11.69
1759443000000,0.49,11.69
1759443060000,0.79,11.69
1759443120000,0.52,11.69
1759443180000,0.75,11.69
1759443240000,0.84,11.69
1759443300000,0.63,11.69
1759443360000,0.97,11.69
1759443420000,0.80,11.69
1759443480000,0.75,11.69
1759443540000,0.74,11.69
1759443600000,0.71,11.69
1759443660000,0.99,11.69
1759443720000,0.95,11.69
1759443780000,0.77,11.69
1759443840000,2.55,11.69
1759443900000,1.44,11.69
1759443960000,0.81,11.69
1759444020000,0.83,11.69
1759444080000,1.12,11.69
1759444140000,0.56,11.69
1759444200000,0.77,11.69
1759444260000,0.74,11.69
1759444320000,0.70,11.69
1759444380000,0.59,11.69
1759444440000,0.48,11.69
1759444500000,0.53,11.69
1759444560000,0.53,11.69
1759444620000,0.60,11.69
1759444680000,0.55,11.69
1759444740000,0.65,11.69
1759444800000,0.48,11.69
1759444860000,0.75,11.69
1759444920000,0.56,11.69
1759444980000,0.78,11.69
1759445040000,0.96,11.69
1759445100000,0.91,11.69
1759445160000,1.24,11.69
1759445220000,0.76,11.69
1759445280000,0.69,11.69
1759445340000,0.85,11.69
1759445400000,1.22,11.69
1759445460000,0.57,11.69
1759445520000,0.55,11.69
1759445580000,0.42,11.69
1759445640000,0.71,11.69
1759445700000,0.81,11.69
1759445760000,0.82,11.69
1759445820000,0.99,11.69
1759445880000,0.65,11.69
1759445940000,0.72,11.69
1759446000000,1.60,11.69
1759446060000,1.48,11.69
1759446120000,0.85,11.69
1759446180000,0.93,11.69
1759446240000,1.22,11.69
1759446300000,0.86,11.69
1759446360000,0.72,11.69
1759446420000,0.62,11.69
1759446480000,0.52,11.69
1759446540000,0.55,11.69
1759446600000,1.15,11.69
1759446660000,0.59,11.69
1759446720000,0.73,11.69
1759446780000,0.57,11.69
1759446840000,0.68,11.69
1759446900000,1.03,11.69
1759446960000,0.68,11.69
1759447020000,1.02,11.69
1759447080000,0.53,11.69
1759447140000,0.48,11.69
1759447200000,1.85,11.69
1759447260000,1.06,11.69
1759447320000,0.68,11.69
1759447380000,1.08,11.69
1759447440000,0.89,11.69
1759447500000,1.69,11.69
1759447560000,0.74,11.69
1759447620000,0.64,11.69
1759447680000,0.58,11.69
1759447740000,0.41,11.69
1759447800000,0.70,11.69
1759447860000,0.66,11.69
1759447920000,0.67,11.69
1759447980000,0.62,11.69
1759448040000,0.69,11.69
1759448100000,0.87,11.69
1759448160000,0.86,11.69
1759448220000,0.53,11.69
1759448280000,0.56,11.69
1759448340000,0.47,11.69
1759448400000,0.69,11.69
1759448460000,0.67,11.69
1759448520000,0.75,11.69
1759448580000,0.73,11.69
1759448640000,0.60,11.69
1759448700000,0.97,11.69
1759448760000,0.69,11.69
1759448820000,0.77,11.69
1759448880000,0.65,11.69
1759448940000,0.57,11.69
1759449000000,0.84,11.69
1759449060000,1.09,11.69
1759449120000,0.93,11.69
1759449180000,0.96,11.69
1759449240000,0.52,11.69
1759449300000,0.83,11.69
1759449360000,0.91,11.69
1759449420000,0.51,11.69
1759449480000,0.64,11.69
1759449540000,0.84,11.69
1759449600000,2.61,11.69
1759449660000,1.61,11.69
1759449720000,1.02,11.69
1759449780000,1.55,11.69
1759449840000,1.69,11.69
1759449900000,1.85,11.69
1759449960000,1.95,11.69
1759450020000,1.19,11.69
1759450080000,1.49,11.69
1759450140000,1.34,11.69
1759450200000,1.63,11.69
1759450260000,1.26,11.69
1759450320000,1.61,11.69
1759450380000,1.00,11.69
1759450440000,1.44,11.69
1759450500000,1.40,11.69
1759450560000,0.84,11.69
1759450620000,0.89,11.69
1759450680000,0.66,11.69
1759450740000,0.53,11.69
1759450800000,1.08,11.69
1759450860000,0.62,11.69
1759450920000,0.59,11.69
1759450980000,0.75,11.69
1759451040000,0.53,11.69
1759451100000,0.70,11.69
1759451160000,0.57,11.69
1759451220000,0.43,11.69
1759451280000,0.79,11.69
1759451340000,0.54,11.69
1759451400000,0.91,11.69
1759451460000,0.73,11.69
1759451520000,0.82,11.69
1759451580000,0.73,11.69
1759451640000,0.70,11.69
1759451700000,0.50,11.69
1759451760000,0.73,11.69
1759451820000,1.29,11.69
1759451880000,0.74,11.69
1759451940000,0.65,11.69
1759452000000,0.65,11.69
1759452060000,0.64,11.69
1759452120000,0.69,11.69
1759452180000,0.89,11.69
1759452240000,1.03,11.69
1759452300000,0.82,11.69
1759452360000,0.98,11.69
1759452420000,0.79,11.69
1759452480000,0.87,11.69
1759452540000,1.24,11.69
1759452600000,0.89,11.69
1759452660000,0.68,11.69
1759452720000,0.66,11.69
1759452780000,0.62,11.69
1759452840000,0.75,11.69
1759452900000,0.47,11.69
1759452960000,0.99,11.69
1759453020000,0.82,11.69
1759453080000,0.81,11.69
1759453140000,0.72,11.69
1759453200000,2.01,11.69
1759453260000,0.88,11.69
1759453320000,0.91,11.69
1759453380000,0.89,11.69
1759453440000,1.59,11.69
1759453500000,0.78,11.69
1759453560000,1.16,11.69
1759453620000,1.48,11.69
1759453680000,1.32,11.69
1759453740000,1.58,11.69
1759453800000,1.46,11.69
1759453860000,1.34,11.69
1759453920000,0.74,11.69
1759453980000,1.12,11.69
1759454040000,0.57,11.69
1759454100000,1.04,11.69
1759454160000,1.02,11.69
1759454220000,0.84,11.69
1759454280000,2.35,11.69
1759454340000,2.30,11.69
1759454400000,1.09,11.69
1759454460000,1.18,11.69
1759454520000,0.92,11.69
1759454580000,2.30,11.69
1759454640000,2.01,11.69
1759454700000,1.47,11.69
1759454760000,1.14,11.69
1759454820000,1.06,11.69
1759454880000,1.37,11.69
1759454940000,0.82,11.69
1759455000000,1.89,11.69
1759455060000,0.95,11.69
1759455120000,0.93,11.69
1759455180000,1.56,11.69
1759455240000,0.71,11.69
1759455300000,1.37,11.69
1759455360000,1.27,11.69
1759455420000,1.26,11.69
1759455480000,0.90,11.69
1759455540000,1.59,11.69
1759455600000,0.96,11.69
1759455660000,1.04,11.69
1759455720000,0.63,11.69
1759455780000,0.72,11.69
1759455840000,0.81,11.69
1759455900000,0.65,11.69
1759455960000,0.95,11.69
1759456020000,0.70,11.69
1759456080000,1.06,11.69
1759456140000,0.69,11.69
1759456200000,0.89,11.69
1759456260000,0.89,11.69
1759456320000,0.94,11.69
1759456380000,1.30,11.69
1759456440000,2.64,11.69
1759456500000,1.30,11.69
1759456560000,0.83,11.69
1759456620000,1.31,11.69
1759456680000,1.12,11.69
1759456740000,1.03,11.69
1759456800000,2.66,11.69
1759456860000,1.08,11.69
1759456920000,1.01,11.69
1759456980000,1.16,11.69
1759457040000,1.05,11.69
1759457100000,0.87,11.69
1759457160000,0.84,11.69
1759457220000,0.84,11.69
1759457280000,0.94,11.69
1759457340000,2.18,11.69
1759457400000,2.02,11.69
1759457460000,1.98,11.69
1759457520000,0.95,11.69
1759457580000,0.91,11.69
1759457640000,1.06,11.69
1759457700000,1.61,11.69
1759457760000,0.85,11.69
1759457820000,1.03,11.69
1759457880000,1.00,11.69
1759457940000,1.01,11.69
1759458000000,0.73,11.69
1759458060000,0.73,11.69
1759458120000,0.90,11.69
1759458180000,0.82,11.69
1759458240000,0.83,11.69
1759458300000,0.67,11.69
1759458360000,0.48,11.69
1759458420000,0.55,11.69
1759458480000,0.50,11.69
1759458540000,0.51,11.69
1759458600000,0.72,11.69
1759458660000,0.76,11.69
1759458720000,0.72,11.69
1759458780000,0.61,11.69
1759458840000,0.73,11.69
1759458900000,1.76,11.69
1759458960000,0.99,11.69
1759459020000,0.96,11.69
1759459080000,3.29,11.69
1759459140000,1.58,11.69
1759459200000,0.94,11.69
1759459260000,0.79,11.69
1759459320000,0.99,11.69
1759459380000,0.56,11.69
1759459440000,0.78,11.69
1759459500000,1.08,11.69
1759459560000,0.86,11.69
1759459620000,0.65,11.69
1759459680000,0.91,11.69
1759459740000,0.72,11.69
1759459800000,0.71,11.69
1759459860000,0.62,11.69
1759459920000,0.64,11.69
1759459980000,0.85,11.69
1759460040000,0.66,11.69
1759460100000,1.38,11.69
1759460160000,1.83,11.69
1759460220000,0.83,11.69
1759460280000,0.62,11.69
1759460340000,0.60,11.69
1759460400000,1.66,11.69
1759460460000,0.87,11.69
1759460520000,0.81,11.69
1759460580000,5.06,11.69
1759460640000,3.54,11.69
1759460700000,2.02,11.69
1759460760000,2.22,11.69
1759460820000,5.31,11.69
1759460880000,2.73,11.69
1759460940000,1.33,11.69
1759461000000,1.37,11.69
1759461060000,1.60,11.69
1759461120000,1.00,11.69
1759461180000,0.80,11.69
1759461240000,1.11,11.69
1759461300000,1.63,11.69
1759461360000,1.45,11.69
1759461420000,1.45,11.69
1759461480000,0.79,11.69
1759461540000,0.66,11.69
1759461600000,1.38,11.69
1759461660000,1.49,11.69
1759461720000,1.12,11.69
1759461780000,0.91,11.69
1759461840000,0.71,11.69
1759461900000,0.85,11.69
1759461960000,0.84,11.69
1759462020000,1.40,11.69
1759462080000,0.86,11.69
1759462140000,0.91,11.69
1759462200000,0.92,11.69
1759462260000,0.65,11.69
1759462320000,0.87,11.69
1759462380000,0.85,11.69
1759462440000,0.75,11.69
1759462500000,1.33,11.69
1759462560000,0.76,11.69
1759462620000,0.65,11.69
1759462680000,0.95,11.69
1759462740000,0.78,11.69
1759462800000,0.99,11.69
1759462860000,0.66,11.69
1759462920000,0.73,11.69
1759462980000,0.68,11.69
1759463040000,0.66,11.69
1759463100000,0.52,11.69
1759463160000,0.67,11.69
1759463220000,0.77,11.69
1759463280000,0.81,11.69
1759463340000,0.70,11.69
1759463400000,0.89,11.69
1759463460000,0.71,11.69
1759463520000,0.67,11.69
1759463580000,0.70,11.69
1759463640000,0.94,11.69
1759463700000,3.61,11.69
1759463760000,2.35,11.69
1759463820000,0.90,11.69
1759463880000,0.71,11.69
1759463940000,0.59,11.69
1759464000000,1.72,11.69
1759464060000,0.74,11.69
1759464120000,0.81,11.69
1759464180000,0.60,11.69
1759464240000,0.76,11.69
1759464300000,0.66,11.69
1759464360000,0.94,11.69
1759464420000,0.96,11.69
1759464480000,0.71,11.69
1759464540000,0.68,11.69
1759464600000,0.79,11.69
1759464660000,0.71,11.69
1759464720000,0.61,11.69
1759464780000,0.58,11.69
1759464840000,0.52,11.69
1759464900000,0.53,11.69
1759464960000,0.66,11.69
1759465020000,0.65,11.69
1759465080000,0.58,11.69
1759465140000,0.50,11.69
1759465200000,0.85,11.69
1759465260000,0.57,11.69
1759465320000,0.66,11.69
1759465380000,0.85,11.69
1759465440000,1.13,11.69
1759465500000,0.70,11.69
1759465560000,0.88,11.69
1759465620000,0.87,11.69
1759465680000,0.91,11.69
1759465740000,0.57,11.69
1759465800000,1.01,11.69
1759465860000,0.98,11.69
1759465920000,0.75,11.69
1759465980000,0.94,11.69
1759466040000,0.83,11.69
1759466100000,0.73,11.69
1759466160000,0.56,11.69
1759466220000,0.60,11.69
1759466280000,0.83,11.69
1759466340000,1.15,11.69
1759466400000,0.54,11.69
1759466460000,1.98,11.69
1759466520000,0.77,11.69
1759466580000,1.22,11.69
1759466640000,0.56,11.69
1759466700000,0.81,11.69
1759466760000,0.71,11.69
1759466820000,0.64,11.69
1759466880000,0.92,11.69
1759466940000,0.90,11.69
1759467000000,0.55,11.69
1759467060000,0.59,11.69
1759467120000,0.46,11.69
1759467180000,0.40,11.69
1759467240000,0.45,11.69
1759467300000,0.52,11.69
1759467360000,0.65,11.69
1759467420000,0.44,11.69
1759467480000,0.42,11.69
1759467540000,0.40,11.69
1759467600000,1.66,11.69
1759467660000,0.77,11.69
1759467720000,0.62,11.69
1759467780000,0.58,11.69
1759467840000,0.94,11.69
1759467900000,0.92,11.69
1759467960000,0.65,11.69
1759468020000,0.74,11.69
1759468080000,0.72,11.69
1759468140000,0.85,11.69
1759468200000,1.40,11.69
1759468260000,0.66,11.69
1759468320000,0.60,11.69
1759468380000,1.26,11.69
1759468440000,1.07,11.69
1759468500000,1.04,11.69
1759468560000,0.79,11.69
1759468620000,1.18,11.69
1759468680000,0.99,11.69
1759468740000,1.10,11.69
1759468800000,0.60,11.69
1759468860000,1.01,11.69
1759468920000,0.94,11.69
1759468980000,0.70,11.69
1759469040000,0.96,11.69
1759469100000,0.96,11.69
1759469160000,0.94,11.69
1759469220000,0.84,11.69
1759469280000,0.92,11.69
1759469340000,0.89,11.69
1759469400000,1.01,11.69
1759469460000,0.72,11.69
1759469520000,0.91,11.69
1759469580000,0.72,11.69
1759469640000,0.65,11.69
1759469700000,0.66,11.69
1759469760000,0.75,11.69
1759469820000,0.89,11.69
1759469880000,0.91,11.69
1759469940000,1.10,11.69
1759470000000,0.68,11.69
1759470060000,1.21,11.69
1759470120000,1.89,11.69
1759470180000,0.86,11.69
1759470240000,0.78,11.69
1759470300000,1.08,11.69
1759470360000,1.03,11.69
1759470420000,1.89,11.69
1759470480000,1.04,11.69
1759470540000,1.08,11.69
1759470600000,1.82,11.69
1759470660000,1.53,11.69
1759470720000,1.78,11.69
1759470780000,1.33,11.69
1759470840000,0.98,11.69
1759470900000,0.81,11.69
1759470960000,1.55,11.69
1759471020000,1.28,11.69
1759471080000,1.16,11.69
1759471140000,1.14,11.69
1759471200000,1.70,11.69
1759471260000,1.25,11.69
1759471320000,1.65,11.69
1759471380000,1.47,11.69
1759471440000,1.07,11.69
1759471500000,1.27,11.69
1759471560000,1.57,11.69
1759471620000,1.64,11.69
1759471680000,1.22,11.69
1759471740000,2.13,11.69
1759471800000,1.28,11.69
1759471860000,0.78,11.69
1759471920000,1.14,11.69
1759471980000,1.09,11.69
1759472040000,0.77,11.69
1759472100000,0.70,11.69
1759472160000,0.61,11.69
1759472220000,0.80,11.69
1759472280000,1.09,11.69
1759472340000,0.65,11.69
1759472400000,1.06,11.69
1759472460000,0.53,11.69
1759472520000,0.75,11.69
1759472580000,0.86,11.69
1759472640000,0.54,11.69
1759472700000,0.57,11.69
1759472760000,0.53,11.69
1759472820000,0.46,11.69
1759472880000,0.49,11.69
1759472940000,0.68,11.69
1759473000000,0.57,11.69
1759473060000,0.62,11.69
1759473120000,0.86,11.69
1759473180000,0.85,11.69
1759473240000,0.53,11.69
1759473300000,0.87,11.69
1759473360000,0.61,11.69
1759473420000,0.70,11.69
1759473480000,0.65,11.69
1759473540000,0.72,11.69
1759473600000,0.43,11.69
1759473660000,0.53,11.69
1759473720000,0.49,11.69
1759473780000,0.60,11.69
1759473840000,0.66,11.69
1759473900000,1.01,11.69
1759473960000,1.45,11.69
1759474020000,0.91,11.69
1759474080000,2.02,11.69
1759474140000,1.17,11.69
1759474200000,3.10,11.69
1759474260000,4.52,11.69
1759474320000,4.51,11.69
1759474380000,1.75,11.69
1759474440000,1.17,11.69
1759474500000,1.17,11.69
1759474560000,1.05,11.69
1759474620000,0.98,11.69
1759474680000,0.71,11.69
1759474740000,1.48,11.69
1759474800000,2.39,11.69
1759474860000,1.26,11.69
1759474920000,1.40,11.69
1759474980000,1.91,11.69
1759475040000,1.48,11.69
1759475100000,1.56,11.69
1759475160000,1.65,11.69
1759475220000,1.48,11.69
1759475280000,1.12,11.69
1759475340000,1.70,11.69
1759475400000,1.63,11.69
1759475460000,1.66,11.69
1759475520000,1.75,11.69
1759475580000,1.37,11.69
1759475640000,1.30,11.69
1759475700000,1.44,11.69
1759475760000,1.51,11.69
1759475820000,1.79,11.69
1759475880000,1.38,11.69
1759475940000,1.13,11.69
1759476000000,1.62,11.69
1759476060000,2.18,11.69
1759476120000,1.81,11.69
1759476180000,1.55,11.69
1759476240000,1.15,11.69
1759476300000,2.06,11.69
1759476360000,2.19,11.69
1759476420000,1.48,11.69
1759476480000,1.32,11.69
1759476540000,1.87,11.69
1759476600000,1.67,11.69
1759476660000,2.09,11.69
1759476720000,2.12,11.69
1759476780000,1.83,11.69
1759476840000,1.80,11.69
1759476900000,1.76,11.69
1759476960000,2.09,11.69
1759477020000,1.38,11.69
1759477080000,2.10,11.69
1759477140000,2.16,11.69
1759477200000,2.22,11.69
1759477260000,1.94,11.69
1759477320000,1.85,11.69
1759477380000,3.19,11.69
1759477440000,2.71,11.69
1759477500000,3.06,11.69
1759477560000,1.56,11.69
1759477620000,1.49,11.69
1759477680000,1.63,11.69
1759477740000,2.26,11.69
1759477800000,1.59,11.69
1759477860000,1.07,11.69
1759477920000,1.32,11.69
1759477980000,1.13,11.69
1759478040000,1.25,11.69
1759478100000,1.49,11.69
1759478160000,1.56,11.69
1759478220000,1.21,11.69
1759478280000,1.24,11.69
1759478340000,1.29,11.69
1759478400000,1.95,11.69
1759478460000,1.11,11.69
1759478520000,0.97,11.69
1759478580000,1.08,11.69
1759478640000,1.15,11.69
1759478700000,1.08,11.69
1759478760000,1.68,11.69
1759478820000,2.25,11.69
1759478880000,1.29,11.69
1759478940000,1.47,11.69
1759479000000,2.04,11.69
1759479060000,1.92,11.69
1759479120000,1.60,11.69
1759479180000,0.81,11.69
1759479240000,1.48,11.69
1759479300000,1.59,11.69
1759479360000,2.72,11.69
1759479420000,3.33,11.69
1759479480000,1.74,11.69
1759479540000,1.67,11.69
1759479600000,2.18,11.69
1759479660000,2.30,11.69
1759479720000,1.61,11.69
1759479780000,1.62,11.69
1759479840000,1.11,11.69
1759479900000,1.40,11.69
1759479960000,0.80,11.69
1759480020000,0.81,11.69
1759480080000,0.73,11.69
1759480140000,0.71,11.69
1759480200000,0.93,11.69
1759480260000,1.60,11.69
1759480320000,1.03,11.69
1759480380000,0.87,11.69
1759480440000,1.17,11.69
1759480500000,1.19,11.69
1759480560000,1.03,11.69
1759480620000,0.79,11.69
1759480680000,1.38,11.69
1759480740000,1.09,11.69
1759480800000,1.26,11.69
1759480860000,1.92,11.69
1759480920000,2.05,11.69
1759480980000,1.68,11.69
1759481040000,1.69,11.69
1759481100000,1.29,11.69
1759481160000,1.77,11.69
1759481220000,1.29,11.69
1759481280000,0.87,11.69
1759481340000,0.86,11.69
1759481400000,0.76,11.69
1759481460000,0.99,11.69
1759481520000,0.79,11.69
1759481580000,0.81,11.69
1759481640000,1.08,11.69
1759481700000,0.53,11.69
1759481760000,0.90,11.69
1759481820000,0.84,11.69
1759481880000,1.37,11.69
1759481940000,1.16,11.69
1759482000000,1.59,11.69
1759482060000,1.52,11.69
1759482120000,1.25,11.69
1759482180000,0.88,11.69
1759482240000,0.81,11.69
1759482300000,0.73,11.69
1759482360000,1.11,11.69
1759482420000,1.05,11.69
1759482480000,0.75,11.69
1759482540000,0.52,11.69
1759482600000,0.74,11.69
1759482660000,0.87,11.69
1759482720000,0.67,11.69
1759482780000,0.99,11.69
1759482840000,0.85,11.69
1759482900000,1.18,11.69
1759482960000,0.93,11.69
1759483020000,0.74,11.69
1759483080000,0.84,11.69
1759483140000,0.87,11.69
1759483200000,0.74,11.69
1759483260000,0.82,11.69
1759483320000,1.45,11.69
1759483380000,1.53,11.69
1759483440000,2.62,11.69
1759483500000,1.06,11.69
1759483560000,0.83,11.69
1759483620000,1.21,11.69
1759483680000,1.64,11.69
1759483740000,1.59,11.69
1759483800000,1.17,11.69
1759483860000,0.90,11.69
1759483920000,1.14,11.69
1759483980000,0.63,11.69
1759484040000,0.89,11.69
1759484100000,0.94,11.69
1759484160000,0.60,11.69
1759484220000,0.93,11.69
1759484280000,0.59,11.69
1759484340000,0.69,11.69
1759484400000,0.63,11.69
1759484460000,1.06,11.69
1759484520000,0.64,11.69
1759484580000,0.58,11.69
1759484640000,0.39,11.69
1759484700000,0.55,11.69
1759484760000,0.70,11.69
1759484820000,0.78,11.69
1759484880000,0.65,11.69
1759484940000,0.79,11.69
1759485000000,0.65,11.69
1759485060000,0.48,11.69
1759485120000,0.98,11.69
1759485180000,0.68,11.69
1759485240000,0.70,11.69
1759485300000,0.46,11.69
1759485360000,0.51,11.69
1759485420000,0.51,11.69
1759485480000,0.48,11.69
1759485540000,0.36,11.69
1759485600000,1.28,11.69
1759485660000,0.80,11.69
1759485720000,1.28,11.69
1759485780000,0.68,11.69
1759485840000,0.68,11.69
1759485900000,0.50,11.69
1759485960000,0.98,11.69
1759486020000,0.93,11.69
1759486080000,0.60,11.69
1759486140000,1.08,11.69
1759486200000,0.88,11.69
1759486260000,0.71,11.69
1759486320000,0.96,11.69
1759486380000,0.61,11.69
1759486440000,0.95,11.69
1759486500000,1.39,11.69
1759486560000,0.85,11.69
1759486620000,0.61,11.69
1759486680000,1.43,11.69
1759486740000,1.59,11.69
1759486800000,1.22,11.69
1759486860000,1.45,11.69
1759486920000,1.34,11.69
1759486980000,0.47,11.69
1759487040000,0.75,11.69
1759487100000,0.99,11.69
1759487160000,0.88,11.69
1759487220000,1.77,11.69
1759487280000,1.06,11.69
1759487340000,0.55,11.69
1759487400000,0.61,11.69
1759487460000,0.78,11.69
1759487520000,0.51,11.69
1759487580000,0.61,11.69
1759487640000,0.79,11.69
1759487700000,0.89,11.69
1759487760000,0.69,11.69
1759487820000,0.58,11.69
1759487880000,0.92,11.69
1759487940000,0.77,11.69
1759488000000,1.88,11.69
1759488060000,1.69,11.69
1759488120000,1.48,11.69
1759488180000,0.70,11.69
1759488240000,0.63,11.69
1759488300000,0.56,11.69
1759488360000,0.88,11.69
1759488420000,0.76,11.69
1759488480000,1.13,11.69
1759488540000,0.50,11.69
1759488600000,0.73,11.69
1759488660000,0.49,11.69
1759488720000,0.68,11.69
1759488780000,0.73,11.69
1759488840000,0.66,11.69
1759488900000,0.90,11.69
1759488960000,0.71,11.69
1759489020000,0.47,11.69
1759489080000,0.65,11.69
1759489140000,0.50,11.69
1759489200000,1.33,11.69
1759489260000,0.54,11.69
1759489320000,0.52,11.69
1759489380000,0.74,11.69
1759489440000,0.45,11.69
1759489500000,0.91,11.69
1759489560000,0.54,11.69
1759489620000,1.28,11.69
1759489680000,0.75,11.69
1759489740000,0.62,11.69
1759489800000,1.42,11.69
1759489860000,1.24,11.69
1759489920000,1.23,11.69
1759489980000,1.07,11.69
1759490040000,1.01,11.69
1759490100000,0.74,11.69
1759490160000,0.68,11.69
1759490220000,1.28,11.69
1759490280000,1.62,11.69
1759490340000,1.18,11.69
1759490400000,1.10,11.69
1759490460000,0.75,11.69
1759490520000,0.71,11.69
1759490580000,1.34,11.69
1759490640000,1.66,11.69
1759490700000,0.77,11.69
1759490760000,0.98,11.69
1759490820000,0.62,11.69
1759490880000,0.96,11.69
1759490940000,0.64,11.69
1759491000000,0.62,11.69
1759491060000,0.74,11.69
1759491120000,0.70,11.69
1759491180000,0.66,11.69
1759491240000,0.80,11.69
1759491300000,1.10,11.69
1759491360000,1.34,11.69
1759491420000,0.88,11.69
1759491480000,0.51,11.69
1759491540000,0.58,11.69
1759491600000,0.72,11.69
1759491660000,0.62,11.69
1759491720000,0.50,11.69
1759491780000,0.64,11.69
1759491840000,0.78,11.69
1759491900000,0.50,11.69
1759491960000,0.33,11.69
1759492020000,0.43,11.69
1759492080000,0.41,11.69
1759492140000,0.59,11.69
1759492200000,0.77,11.69
1759492260000,1.40,11.69
1759492320000,1.03,11.69
1759492380000,1.09,11.69
1759492440000,1.33,11.69
1759492500000,1.01,11.69
1759492560000,0.51,11.69
1759492620000,0.37,11.69
1759492680000,0.43,11.69
1759492740000,0.51,11.69
1759492800000,1.47,11.69
1759492860000,0.96,11.69
1759492920000,0.99,11.69
1759492980000,0.63,11.69
1759493040000,0.68,11.69
1759493100000,1.28,11.69
1759493160000,0.54,11.69
1759493220000,1.21,11.69
1759493280000,0.73,11.69
1759493340000,1.09,11.69
1759493400000,0.92,11.69
1759493460000,1.09,11.69
1759493520000,0.85,11.69
1759493580000,0.82,11.69
1759493640000,0.89,11.69
1759493700000,1.36,11.69
1759493760000,1.44,11.69
1759493820000,1.18,11.69
1759493880000,0.45,11.69
1759493940000,0.81,11.69
1759494000000,0.52,11.69
1759494060000,0.68,11.69
1759494120000,0.75,11.69
1759494180000,0.64,11.69
1759494240000,0.50,11.69
1759494300000,0.48,11.69
1759494360000,0.59,11.69
1759494420000,0.66,11.69
1759494480000,0.92,11.69
1759494540000,0.69,11.69
1759494600000,1.53,11.69
1759494660000,2.02,11.69
1759494720000,3.09,11.69
1759494780000,2.07,11.69
1759494840000,1.80,11.69
1759494900000,1.52,11.69
1759494960000,1.04,11.69
1759495020000,0.91,11.69
1759495080000,0.73,11.69
1759495140000,0.97,11.69
1759495200000,0.79,11.69
1759495260000,0.64,11.69
1759495320000,0.70,11.69
1759495380000,0.83,11.69
1759495440000,0.73,11.69
1759495500000,0.86,11.69
1759495560000,0.60,11.69
1759495620000,1.45,11.69
1759495680000,0.71,11.69
1759495740000,0.77,11.69
1759495800000,0.62,11.69
1759495860000,0.45,11.69
1759495920000,0.61,11.69
1759495980000,0.86,11.69
1759496040000,0.57,11.69
1759496100000,0.47,11.69
1759496160000,0.66,11.69
1759496220000,0.61,11.69
1759496280000,0.54,11.69
1759496340000,0.56,11.69
1759496400000,1.80,11.69
1759496460000,0.88,11.69
1759496520000,1.83,11.69
1759496580000,1.37,11.69
1759496640000,0.95,11.69
1759496700000,3.66,11.69
1759496760000,1.91,11.69
1759496820000,1.69,11.69
1759496880000,1.39,11.69
1759496940000,1.24,11.69
1759497000000,1.42,11.69
1759497060000,1.11,11.69
1759497120000,0.71,11.69
1759497180000,0.75,11.69
1759497240000,0.64,11.69
1759497300000,1.27,11.69
1759497360000,1.23,11.69
1759497420000,0.81,11.69
1759497480000,1.06,11.69
1759497540000,0.72,11.69
1759497600000,1.08,11.69
1759497660000,1.76,11.69
1759497720000,1.26,11.69
1759497780000,1.06,11.69
1759497840000,1.11,11.69
1759497900000,1.53,11.69
1759497960000,1.75,11.69
1759498020000,2.10,11.69
1759498080000,2.34,11.69
1759498140000,2.52,11.69
1759498200000,2.13,11.69
1759498260000,3.56,11.69
1759498320000,6.01,11.69
1759498380000,3.27,11.69
1759498440000,1.87,11.69
1759498500000,2.96,11.69
1759498560000,3.72,11.69
1759498620000,1.79,11.69
1759498680000,1.44,11.69
1759498740000,1.55,11.69
1759498800000,1.63,11.69
1759498860000,4.01,11.69
1759498920000,2.97,11.69
1759498980000,1.65,11.69
1759499040000,1.18,11.69
